game_id,league,season,week,kickoff_utc,away_team,home_team,neutral_site,model,picked_at_utc,pick,win_prob,confidence,home_rating_at_pick,away_rating_at_pick,market_pick,market_prob,home_score,away_score,winner,result,graded_at_utc
5987,nfl,2026,1,2026-09-10T00:20Z,New England Patriots,Seattle Seahawks,0,elo-1.0,2026-09-09T23:20:32Z,Seattle Seahawks,0.7280,lean,1754.4,1631.4,Seattle Seahawks,0.5934,13,10,Seattle Seahawks,win,2026-09-10T08:15:13Z
6102,cfb,2026,2,2026-09-11T00:00Z,Florida A&M Rattlers,Miami Hurricanes,0,elo-1.0,2026-09-09T01:13:08Z,Miami Hurricanes,0.9833,lock,1810.4,1166.9,,,77,7,Miami Hurricanes,win,2026-09-11T08:18:32Z
5988,nfl,2026,1,2026-09-11T00:35Z,San Francisco 49ers,Los Angeles Rams,1,elo-1.0,2026-09-10T08:15:13Z,Los Angeles Rams,0.5870,coin-flip,1621.9,1560.8,Los Angeles Rams,0.6369,7,27,San Francisco 49ers,loss,2026-09-11T08:18:32Z
6103,cfb,2026,2,2026-09-11T23:00Z,Villanova Wildcats,Louisville Cardinals,0,elo-1.0,2026-09-09T01:13:08Z,Louisville Cardinals,0.9430,lock,1613.7,1191.2,,,59,13,Louisville Cardinals,win,2026-09-12T08:16:33Z
6104,cfb,2026,2,2026-09-11T23:00Z,Norfolk State Spartans,Virginia Cavaliers,0,elo-1.0,2026-09-09T01:13:08Z,Virginia Cavaliers,0.9592,lock,1652.7,1169.3,,,59,3,Virginia Cavaliers,win,2026-09-12T08:16:33Z
6105,cfb,2026,2,2026-09-11T23:00Z,Richmond Spiders,NC State Wolfpack,0,elo-1.0,2026-09-11T13:11:32Z,NC State Wolfpack,0.9221,lock,1541.6,1177.3,NC State Wolfpack,0.9539,73,0,NC State Wolfpack,win,2026-09-12T08:16:33Z
6106,cfb,2026,2,2026-09-11T23:30Z,Rutgers Scarlet Knights,Boston College Eagles,0,elo-1.0,2026-09-11T23:19:32Z,Boston College Eagles,0.5742,coin-flip,1382.9,1395.9,Boston College Eagles,0.5721,28,21,Boston College Eagles,win,2026-09-12T08:16:33Z
6107,cfb,2026,2,2026-09-12T00:00Z,Missouri Tigers,Kansas Jayhawks,0,elo-1.0,2026-09-11T23:19:32Z,Missouri Tigers,0.5472,coin-flip,1490.3,1588.1,Missouri Tigers,0.6309,21,38,Missouri Tigers,win,2026-09-12T08:16:33Z
6108,cfb,2026,2,2026-09-12T16:00Z,Howard Bison,Indiana Hoosiers,0,elo-1.0,2026-09-09T01:13:08Z,Indiana Hoosiers,0.9895,lock,1889.7,1164.4,,,55,0,Indiana Hoosiers,win,2026-09-12T23:19:32Z
6110,cfb,2026,2,2026-09-12T16:00Z,Arizona State Sun Devils,Texas A&M Aggies,0,elo-1.0,2026-09-12T13:16:32Z,Texas A&M Aggies,0.7396,lean,1692.2,1575.9,Texas A&M Aggies,0.8371,48,20,Texas A&M Aggies,win,2026-09-12T23:19:32Z
6111,cfb,2026,2,2026-09-12T16:00Z,Oklahoma Sooners,Michigan Wolverines,0,elo-1.0,2026-09-10T23:13:32Z,Michigan Wolverines,0.5536,coin-flip,1630.1,1657.7,Oklahoma Sooners,0.6447,17,10,Michigan Wolverines,win,2026-09-12T23:19:32Z
6112,cfb,2026,2,2026-09-12T16:00Z,Penn State Nittany Lions,Temple Owls,0,elo-1.0,2026-09-12T13:16:32Z,Penn State Nittany Lions,0.7592,lock,1423.9,1688.3,Penn State Nittany Lions,0.9311,9,27,Penn State Nittany Lions,win,2026-09-12T23:19:32Z
6113,cfb,2026,2,2026-09-12T16:00Z,Washington State Cougars,Kansas State Wildcats,0,elo-1.0,2026-09-11T23:19:32Z,Kansas State Wildcats,0.6849,lean,1591.6,1521.8,Kansas State Wildcats,0.8721,34,7,Kansas State Wildcats,win,2026-09-12T23:19:32Z
6114,cfb,2026,2,2026-09-12T16:00Z,East Tennessee State Buccaneers,North Carolina Tar Heels,0,elo-1.0,2026-09-09T23:20:32Z,North Carolina Tar Heels,0.8729,lock,1468.6,1198.9,North Carolina Tar Heels,0.9808,35,3,North Carolina Tar Heels,win,2026-09-12T23:19:32Z
6115,cfb,2026,2,2026-09-12T16:00Z,Old Dominion Monarchs,Virginia Tech Hokies,0,elo-1.0,2026-09-11T23:19:32Z,Old Dominion Monarchs,0.7177,lean,1420.7,1647.8,Virginia Tech Hokies,0.8870,44,21,Virginia Tech Hokies,loss,2026-09-12T23:19:32Z
6116,cfb,2026,2,2026-09-12T16:00Z,Wake Forest Demon Deacons,Purdue Boilermakers,0,elo-1.0,2026-09-12T08:16:33Z,Wake Forest Demon Deacons,0.6608,lean,1384.9,1565.7,Wake Forest Demon Deacons,0.5830,36,38,Wake Forest Demon Deacons,win,2026-09-12T23:19:32Z
6117,cfb,2026,2,2026-09-12T16:00Z,South Florida Bulls,Army Black Knights,0,elo-1.0,2026-09-11T23:19:32Z,Army Black Knights,0.5934,coin-flip,1607.5,1606.8,Army Black Knights,0.5996,24,28,South Florida Bulls,loss,2026-09-12T23:19:32Z
6118,cfb,2026,2,2026-09-12T16:00Z,App State Mountaineers,East Carolina Pirates,0,elo-1.0,2026-09-10T23:13:32Z,East Carolina Pirates,0.7565,lock,1558.0,1426.0,East Carolina Pirates,0.6958,24,27,App State Mountaineers,loss,2026-09-12T23:19:32Z
6119,cfb,2026,2,2026-09-12T16:00Z,Wofford Terriers,Kent State Golden Flashes,0,elo-1.0,2026-09-11T23:19:32Z,Kent State Golden Flashes,0.7843,lock,1338.3,1179.1,Kent State Golden Flashes,0.7914,36,15,Kent State Golden Flashes,win,2026-09-12T23:19:32Z
6141,cfb,2026,2,2026-09-12T16:00Z,Wagner Seahawks,James Madison Dukes,0,elo-1.0,2026-09-09T01:13:08Z,James Madison Dukes,0.9734,lock,1700.7,1140.3,,,87,3,James Madison Dukes,win,2026-09-12T23:19:32Z
6152,cfb,2026,2,2026-09-12T16:00Z,Gardner-Webb Runnin' Bulldogs,Liberty Flames,0,elo-1.0,2026-09-11T23:19:32Z,Liberty Flames,0.8425,lock,1403.3,1177.0,Liberty Flames,0.9396,24,23,Liberty Flames,win,2026-09-12T23:19:32Z
6120,cfb,2026,2,2026-09-12T16:45Z,Western Kentucky Hilltoppers,Georgia Bulldogs,0,elo-1.0,2026-09-09T01:13:08Z,Georgia Bulldogs,0.9106,lock,1772.4,1434.2,,,70,20,Georgia Bulldogs,win,2026-09-12T23:19:32Z
6121,cfb,2026,2,2026-09-12T17:00Z,UT Martin Skyhawks,West Virginia Mountaineers,0,elo-1.0,2026-09-09T01:13:08Z,West Virginia Mountaineers,0.8964,lock,1488.0,1178.1,,,52,7,West Virginia Mountaineers,win,2026-09-12T23:19:32Z
6122,cfb,2026,2,2026-09-12T17:00Z,Colgate Raiders,Central Michigan Chippewas,0,elo-1.0,2026-09-12T13:16:32Z,Central Michigan Chippewas,0.8470,lock,1404.8,1172.4,Central Michigan Chippewas,0.9040,13,10,Central Michigan Chippewas,win,2026-09-12T23:19:32Z
6123,cfb,2026,2,2026-09-12T17:00Z,Holy Cross Crusaders,Miami (OH) RedHawks,0,elo-1.0,2026-09-11T23:19:32Z,Miami (OH) RedHawks,0.8465,lock,1434.9,1203.3,Miami (OH) RedHawks,0.9491,45,7,Miami (OH) RedHawks,win,2026-09-12T23:19:32Z
6109,cfb,2026,2,2026-09-12T17:30Z,Oregon Ducks,Oklahoma State Cowboys,0,elo-1.0,2026-09-10T08:15:13Z,Oregon Ducks,0.9330,lock,1268.4,1791.0,Oregon Ducks,0.9197,39,31,Oklahoma State Cowboys,loss,2026-09-12T23:19:32Z
6124,cfb,2026,2,2026-09-12T18:00Z,Stony Brook Seawolves,Ball State Cardinals,0,elo-1.0,2026-09-11T23:19:32Z,Ball State Cardinals,0.7869,lock,1323.2,1161.3,Ball State Cardinals,0.8223,41,17,Ball State Cardinals,win,2026-09-12T23:19:32Z
6125,cfb,2026,2,2026-09-12T19:30Z,Rice Owls,Notre Dame Fighting Irish,0,elo-1.0,2026-09-09T01:13:08Z,Notre Dame Fighting Irish,0.9335,lock,1793.5,1399.6,,,52,0,Notre Dame Fighting Irish,win,2026-09-12T23:19:32Z
6126,cfb,2026,2,2026-09-12T19:30Z,Alabama Crimson Tide,Kentucky Wildcats,0,elo-1.0,2026-09-12T08:16:33Z,Alabama Crimson Tide,0.7079,lean,1506.4,1725.1,Alabama Crimson Tide,0.7715,17,45,Alabama Crimson Tide,win,2026-09-12T23:19:32Z
6127,cfb,2026,2,2026-09-12T19:30Z,Arizona Wildcats,BYU Cougars,0,elo-1.0,2026-09-12T13:16:32Z,BYU Cougars,0.6589,lean,1690.4,1641.0,BYU Cougars,0.7136,28,17,BYU Cougars,win,2026-09-12T23:19:32Z
6128,cfb,2026,2,2026-09-12T19:30Z,Utah State Aggies,Washington Huskies,0,elo-1.0,2026-09-11T08:18:32Z,Washington Huskies,0.8892,lock,1675.7,1379.0,Washington Huskies,0.9431,16,14,Washington Huskies,win,2026-09-12T23:19:32Z
6129,cfb,2026,2,2026-09-12T19:30Z,Mississippi State Bulldogs,Minnesota Golden Gophers,0,elo-1.0,2026-09-11T23:19:32Z,Minnesota Golden Gophers,0.7420,lean,1587.4,1468.8,Mississippi State Bulldogs,0.5108,13,38,Mississippi State Bulldogs,loss,2026-09-12T23:19:32Z
6130,cfb,2026,2,2026-09-12T19:30Z,Weber State Wildcats,Colorado Buffaloes,0,elo-1.0,2026-09-11T23:19:32Z,Colorado Buffaloes,0.8467,lock,1432.5,1200.6,Colorado Buffaloes,0.9539,52,21,Colorado Buffaloes,win,2026-09-12T23:19:32Z
6131,cfb,2026,2,2026-09-12T19:30Z,UCF Knights,Pittsburgh Panthers,0,elo-1.0,2026-09-11T13:11:32Z,Pittsburgh Panthers,0.7611,lock,1597.5,1461.2,Pittsburgh Panthers,0.7095,12,7,Pittsburgh Panthers,win,2026-09-13T08:10:32Z
6132,cfb,2026,2,2026-09-12T19:30Z,California Golden Bears,Syracuse Orange,0,elo-1.0,2026-09-12T13:16:32Z,Syracuse Orange,0.5930,coin-flip,1385.6,1385.2,Syracuse Orange,0.6309,18,21,California Golden Bears,loss,2026-09-13T08:10:32Z
6133,cfb,2026,2,2026-09-12T19:30Z,Duke Blue Devils,Illinois Fighting Illini,0,elo-1.0,2026-09-11T23:19:32Z,Duke Blue Devils,0.5031,coin-flip,1602.3,1669.5,Illinois Fighting Illini,0.6750,27,31,Duke Blue Devils,win,2026-09-12T23:19:32Z
6134,cfb,2026,2,2026-09-12T19:30Z,Eastern Michigan Eagles,Michigan State Spartans,0,elo-1.0,2026-09-12T13:16:32Z,Michigan State Spartans,0.7030,lean,1474.7,1390.0,Michigan State Spartans,0.8630,35,7,Michigan State Spartans,win,2026-09-12T23:19:32Z
6135,cfb,2026,2,2026-09-12T19:30Z,Maryland Terrapins,UConn Huskies,0,elo-1.0,2026-09-10T23:13:32Z,UConn Huskies,0.7511,lock,1547.3,1420.5,Maryland Terrapins,0.7867,14,38,Maryland Terrapins,loss,2026-09-12T23:19:32Z
6136,cfb,2026,2,2026-09-12T19:30Z,UTSA Roadrunners,Texas State Bobcats,0,elo-1.0,2026-09-10T08:15:13Z,Texas State Bobcats,0.5136,coin-flip,1533.1,1588.6,Texas State Bobcats,0.5261,26,31,UTSA Roadrunners,loss,2026-09-13T08:10:32Z
6137,cfb,2026,2,2026-09-12T19:30Z,UL Monroe Warhawks,UAB Blazers,0,elo-1.0,2026-09-10T23:13:32Z,UAB Blazers,0.7186,lean,1369.2,1271.3,UAB Blazers,0.7508,26,20,UAB Blazers,win,2026-09-12T23:19:32Z
6138,cfb,2026,2,2026-09-12T19:30Z,Robert Morris Colonials,Akron Zips,0,elo-1.0,2026-09-11T23:19:32Z,Akron Zips,0.8062,lock,1361.7,1179.0,Akron Zips,0.9396,45,10,Akron Zips,win,2026-09-12T23:19:32Z
6139,cfb,2026,2,2026-09-12T19:30Z,Central Connecticut Blue Devils,Toledo Rockets,0,elo-1.0,2026-09-11T13:11:32Z,Toledo Rockets,0.9152,lock,1512.9,1164.7,Toledo Rockets,0.9728,63,10,Toledo Rockets,win,2026-09-12T23:19:32Z
6140,cfb,2026,2,2026-09-12T19:30Z,Sacred Heart Pioneers,Massachusetts Minutemen,0,elo-1.0,2026-09-09T23:20:32Z,Massachusetts Minutemen,0.6980,lean,1270.5,1190.0,Massachusetts Minutemen,0.9258,37,10,Massachusetts Minutemen,win,2026-09-12T23:19:32Z
6142,cfb,2026,2,2026-09-12T19:45Z,UNLV Rebels,North Texas Mean Green,0,elo-1.0,2026-09-10T23:13:32Z,North Texas Mean Green,0.6243,lean,1600.1,1576.8,UNLV Rebels,0.5934,44,6,North Texas Mean Green,win,2026-09-12T23:19:32Z
6143,cfb,2026,2,2026-09-12T20:00Z,UC Davis Aggies,SMU Mustangs,0,elo-1.0,2026-09-11T23:19:32Z,SMU Mustangs,0.9631,lock,1693.5,1191.8,SMU Mustangs,0.9431,56,10,SMU Mustangs,win,2026-09-12T23:19:32Z
6144,cfb,2026,2,2026-09-12T20:00Z,Northern Colorado Bears,Wyoming Cowboys,0,elo-1.0,2026-09-11T23:19:32Z,Wyoming Cowboys,0.7683,lock,1325.4,1182.2,Wyoming Cowboys,0.9083,21,13,Wyoming Cowboys,win,2026-09-13T08:10:32Z
6145,cfb,2026,2,2026-09-12T20:00Z,Mercyhurst Lakers,New Mexico Lobos,0,elo-1.0,2026-09-09T01:13:08Z,New Mexico Lobos,0.9452,lock,1595.4,1165.7,,,70,7,New Mexico Lobos,win,2026-09-12T23:19:32Z
6146,cfb,2026,2,2026-09-12T20:00Z,Alabama State Hornets,Troy Trojans,0,elo-1.0,2026-09-11T23:19:32Z,Troy Trojans,0.9007,lock,1505.6,1187.6,Troy Trojans,0.9124,34,17,Troy Trojans,win,2026-09-13T08:10:32Z
6147,cfb,2026,2,2026-09-12T20:15Z,Delaware Blue Hens,Vanderbilt Commodores,0,elo-1.0,2026-09-10T23:13:32Z,Vanderbilt Commodores,0.8264,lock,1682.9,1476.8,Vanderbilt Commodores,0.8934,35,26,Vanderbilt Commodores,win,2026-09-13T08:10:32Z
6148,cfb,2026,2,2026-09-12T21:30Z,Campbell Fighting Camels,Florida Gators,0,elo-1.0,2026-09-09T01:13:08Z,Florida Gators,0.9235,lock,1542.8,1175.1,,,52,3,Florida Gators,win,2026-09-13T08:10:32Z
6149,cfb,2026,2,2026-09-12T22:00Z,Memphis Tigers,Boise State Broncos,0,elo-1.0,2026-09-10T23:13:32Z,Boise State Broncos,0.5394,coin-flip,1551.6,1589.1,Boise State Broncos,0.7335,38,20,Boise State Broncos,win,2026-09-13T08:10:32Z
6150,cfb,2026,2,2026-09-12T22:00Z,Buffalo Bulls,Florida International Panthers,0,elo-1.0,2026-09-11T23:19:32Z,Florida International Panthers,0.6401,lean,1445.7,1410.7,Florida International Panthers,0.7715,33,20,Florida International Panthers,win,2026-09-13T08:10:32Z
6151,cfb,2026,2,2026-09-12T22:00Z,Jacksonville State Gamecocks,Ohio Bobcats,0,elo-1.0,2026-09-11T23:19:32Z,Ohio Bobcats,0.6577,lean,1533.8,1485.3,Ohio Bobcats,0.5427,29,27,Ohio Bobcats,win,2026-09-13T08:10:32Z
6153,cfb,2026,2,2026-09-12T22:30Z,Monmouth Hawks,Western Michigan Broncos,0,elo-1.0,2026-09-12T13:16:32Z,Western Michigan Broncos,0.9393,lock,1606.9,1196.0,Western Michigan Broncos,0.9357,49,14,Western Michigan Broncos,win,2026-09-13T08:10:32Z
6154,cfb,2026,2,2026-09-12T23:00Z,Tennessee Volunteers,Georgia Tech Yellow Jackets,0,elo-1.0,2026-09-12T13:16:32Z,Tennessee Volunteers,0.5039,coin-flip,1526.4,1594.1,Tennessee Volunteers,0.7914,24,45,Tennessee Volunteers,win,2026-09-13T08:10:32Z
6155,cfb,2026,2,2026-09-12T23:00Z,Southern Jaguars,Houston Cougars,0,elo-1.0,2026-09-09T01:13:08Z,Houston Cougars,0.9348,lock,1586.4,1188.8,,,77,6,Houston Cougars,win,2026-09-13T08:10:32Z
6156,cfb,2026,2,2026-09-12T23:00Z,Towson Tigers,South Carolina Gamecocks,0,elo-1.0,2026-09-09T01:13:08Z,South Carolina Gamecocks,0.9236,lock,1542.6,1174.7,,,45,9,South Carolina Gamecocks,win,2026-09-13T08:10:32Z
6157,cfb,2026,2,2026-09-12T23:00Z,Western Carolina Catamounts,Cincinnati Bearcats,0,elo-1.0,2026-09-09T01:13:08Z,Cincinnati Bearcats,0.9132,lock,1523.9,1180.2,,,62,10,Cincinnati Bearcats,win,2026-09-13T08:10:32Z
6158,cfb,2026,2,2026-09-12T23:00Z,Bowling Green Falcons,Nebraska Cornhuskers,0,elo-1.0,2026-09-12T13:16:32Z,Nebraska Cornhuskers,0.8773,lock,1571.3,1294.5,Nebraska Cornhuskers,0.9539,56,7,Nebraska Cornhuskers,win,2026-09-13T08:10:32Z
6159,cfb,2026,2,2026-09-12T23:00Z,Southern Utah Thunderbirds,Colorado State Rams,0,elo-1.0,2026-09-12T08:16:33Z,Colorado State Rams,0.8037,lock,1384.6,1204.7,Colorado State Rams,0.8989,58,24,Colorado State Rams,win,2026-09-13T08:10:32Z
6160,cfb,2026,2,2026-09-12T23:00Z,Tulsa Golden Hurricane,Sam Houston Bearkats,0,elo-1.0,2026-09-12T13:16:32Z,Tulsa Golden Hurricane,0.5306,coin-flip,1288.1,1374.4,Tulsa Golden Hurricane,0.8043,17,23,Tulsa Golden Hurricane,win,2026-09-13T08:10:32Z
6161,cfb,2026,2,2026-09-12T23:00Z,Illinois State Redbirds,Northern Illinois Huskies,0,elo-1.0,2026-09-11T23:19:32Z,Northern Illinois Huskies,0.7793,lock,1341.8,1187.6,Illinois State Redbirds,0.6369,24,28,Illinois State Redbirds,loss,2026-09-13T08:10:32Z
6162,cfb,2026,2,2026-09-12T23:00Z,South Alabama Jaguars,Tulane Green Wave,0,elo-1.0,2026-09-12T08:16:33Z,Tulane Green Wave,0.7685,lock,1588.0,1444.6,Tulane Green Wave,0.7572,28,24,Tulane Green Wave,win,2026-09-13T08:10:32Z
6163,cfb,2026,2,2026-09-12T23:00Z,West Georgia Wolves,Arkansas State Red Wolves,0,elo-1.0,2026-09-11T23:19:32Z,Arkansas State Red Wolves,0.8710,lock,1454.7,1187.9,Arkansas State Red Wolves,0.9684,52,7,Arkansas State Red Wolves,win,2026-09-13T08:10:32Z
6164,cfb,2026,2,2026-09-12T23:00Z,Georgia State Panthers,Kennesaw State Owls,0,elo-1.0,2026-09-12T08:16:33Z,Kennesaw State Owls,0.8278,lock,1535.7,1327.9,Kennesaw State Owls,0.7409,17,31,Georgia State Panthers,loss,2026-09-13T08:10:32Z
6165,cfb,2026,2,2026-09-12T23:00Z,Middle Tennessee Blue Raiders,Marshall Thundering Herd,0,elo-1.0,2026-09-11T23:19:32Z,Marshall Thundering Herd,0.7252,lean,1460.2,1356.7,Marshall Thundering Herd,0.8043,28,26,Marshall Thundering Herd,win,2026-09-13T08:10:32Z
6166,cfb,2026,2,2026-09-12T23:00Z,Lindenwood Lions,Missouri State Bears,0,elo-1.0,2026-09-11T23:19:32Z,Missouri State Bears,0.8407,lock,1408.0,1184.0,Missouri State Bears,0.8579,48,14,Missouri State Bears,win,2026-09-13T08:10:32Z
6167,cfb,2026,2,2026-09-12T23:15Z,San Diego State Aztecs,UCLA Bruins,0,elo-1.0,2026-09-12T13:16:32Z,UCLA Bruins,0.5345,coin-flip,1508.6,1549.6,UCLA Bruins,0.7958,28,10,UCLA Bruins,win,2026-09-13T08:10:32Z
6168,cfb,2026,2,2026-09-12T23:15Z,Western Illinois Leathernecks,Wisconsin Badgers,0,elo-1.0,2026-09-09T01:13:08Z,Wisconsin Badgers,0.8905,lock,1464.3,1165.1,,,36,9,Wisconsin Badgers,win,2026-09-13T08:10:32Z
6169,cfb,2026,2,2026-09-12T23:30Z,Ohio State Buckeyes,Texas Longhorns,0,elo-1.0,2026-09-12T23:19:32Z,Texas Longhorns,0.5581,coin-flip,1757.8,1782.2,Texas Longhorns,0.5635,24,23,Texas Longhorns,win,2026-09-13T08:10:32Z
6170,cfb,2026,2,2026-09-12T23:30Z,Louisiana Tech Bulldogs,LSU Tigers,0,elo-1.0,2026-09-11T23:19:32Z,LSU Tigers,0.7129,lean,1623.1,1530.1,LSU Tigers,0.9728,45,14,LSU Tigers,win,2026-09-13T08:10:32Z
6171,cfb,2026,2,2026-09-12T23:30Z,Texas Tech Red Raiders,Oregon State Beavers,0,elo-1.0,2026-09-12T23:19:32Z,Texas Tech Red Raiders,0.8948,lock,1301.8,1738.6,Texas Tech Red Raiders,0.9357,24,35,Texas Tech Red Raiders,win,2026-09-13T08:10:32Z
6172,cfb,2026,2,2026-09-12T23:30Z,Iowa State Cyclones,Iowa Hawkeyes,0,elo-1.0,2026-09-12T23:19:32Z,Iowa Hawkeyes,0.7333,lean,1699.2,1588.5,Iowa Hawkeyes,0.8271,16,13,Iowa Hawkeyes,win,2026-09-13T08:10:32Z
6174,cfb,2026,2,2026-09-12T23:30Z,Navy Midshipmen,Florida Atlantic Owls,0,elo-1.0,2026-09-12T08:16:33Z,Navy Midshipmen,0.7789,lock,1353.2,1637.0,Navy Midshipmen,0.6369,38,30,Florida Atlantic Owls,loss,2026-09-13T08:10:32Z
6175,cfb,2026,2,2026-09-12T23:30Z,Fordham Rams,Coastal Carolina Chanticleers,0,elo-1.0,2026-09-09T23:20:32Z,Coastal Carolina Chanticleers,0.8407,lock,1407.7,1183.7,Coastal Carolina Chanticleers,0.9626,45,7,Coastal Carolina Chanticleers,win,2026-09-13T08:10:32Z
6176,cfb,2026,2,2026-09-12T23:45Z,Charlotte 49ers,Ole Miss Rebels,0,elo-1.0,2026-09-09T01:13:08Z,Ole Miss Rebels,0.9680,lock,1773.3,1246.0,,,41,9,Ole Miss Rebels,win,2026-09-13T08:10:32Z
6178,cfb,2026,2,2026-09-13T00:00Z,Grambling Tigers,TCU Horned Frogs,0,elo-1.0,2026-09-09T01:13:08Z,TCU Horned Frogs,0.9343,lock,1579.2,1183.2,,,63,7,TCU Horned Frogs,win,2026-09-13T08:10:32Z
6179,cfb,2026,2,2026-09-13T00:08Z,Prairie View A&M Panthers,Baylor Bears,0,elo-1.0,2026-09-09T01:13:08Z,Baylor Bears,0.8825,lock,1462.5,1177.2,,,44,3,Baylor Bears,win,2026-09-13T08:10:32Z
6177,cfb,2026,2,2026-09-13T00:50Z,Southern Miss Golden Eagles,Auburn Tigers,0,elo-1.0,2026-09-12T23:19:32Z,Auburn Tigers,0.7043,lean,1506.6,1420.8,Auburn Tigers,0.9684,43,8,Auburn Tigers,win,2026-09-13T08:10:32Z
6180,cfb,2026,2,2026-09-13T01:00Z,Cal Poly Mustangs,San José State Spartans,0,elo-1.0,2026-09-12T23:19:32Z,San José State Spartans,0.8266,lock,1381.5,1175.2,San José State Spartans,0.9124,30,20,San José State Spartans,win,2026-09-13T08:10:32Z
6181,cfb,2026,2,2026-09-13T01:00Z,Texas Southern Tigers,UTEP Miners,0,elo-1.0,2026-09-11T23:19:32Z,UTEP Miners,0.7538,lock,1297.8,1168.4,UTEP Miners,0.9463,51,10,UTEP Miners,win,2026-09-13T08:10:32Z
6173,cfb,2026,2,2026-09-13T01:30Z,Georgia Southern Eagles,Clemson Tigers,0,elo-1.0,2026-09-12T23:19:32Z,Clemson Tigers,0.6016,lean,1525.4,1518.9,Clemson Tigers,0.8934,22,7,Clemson Tigers,win,2026-09-13T08:10:32Z
6182,cfb,2026,2,2026-09-13T02:00Z,North Dakota State Bison,Air Force Falcons,0,elo-1.0,2026-09-10T23:13:32Z,North Dakota State Bison,0.5332,coin-flip,1460.5,1548.6,North Dakota State Bison,0.5325,32,38,North Dakota State Bison,win,2026-09-13T08:10:32Z
6183,cfb,2026,2,2026-09-13T02:30Z,Arkansas Razorbacks,Utah Utes,0,elo-1.0,2026-09-12T23:19:32Z,Utah Utes,0.8811,lock,1724.3,1441.4,Utah Utes,0.8000,43,10,Utah Utes,win,2026-09-13T08:10:32Z
6184,cfb,2026,2,2026-09-13T02:30Z,Sacramento State Hornets,Fresno State Bulldogs,0,elo-1.0,2026-09-12T23:19:32Z,Fresno State Bulldogs,0.6961,lean,1513.8,1434.8,Fresno State Bulldogs,0.8630,49,3,Fresno State Bulldogs,win,2026-09-13T08:10:32Z
6185,cfb,2026,2,2026-09-13T02:30Z,Montana State Bobcats,Nevada Wolf Pack,0,elo-1.0,2026-09-12T23:19:32Z,Nevada Wolf Pack,0.8673,lock,1476.4,1215.2,Montana State Bobcats,0.6225,7,20,Montana State Bobcats,loss,2026-09-13T08:10:32Z
6186,cfb,2026,2,2026-09-13T03:00Z,Louisiana Ragin' Cajuns,USC Trojans,0,elo-1.0,2026-09-12T23:19:32Z,USC Trojans,0.8271,lock,1687.1,1480.1,USC Trojans,0.9491,49,30,USC Trojans,win,2026-09-13T08:10:32Z
6187,cfb,2026,2,2026-09-13T03:59Z,New Mexico State Aggies,Hawai'i Rainbow Warriors,0,elo-1.0,2026-09-12T23:19:32Z,Hawai'i Rainbow Warriors,0.7180,lean,1441.5,1344.2,Hawai'i Rainbow Warriors,0.7180,29,19,Hawai'i Rainbow Warriors,win,2026-09-13T08:10:32Z
5989,nfl,2026,1,2026-09-13T17:00Z,Tampa Bay Buccaneers,Cincinnati Bengals,0,elo-1.0,2026-09-13T13:18:33Z,Cincinnati Bengals,0.5653,coin-flip,1476.9,1479.3,Cincinnati Bengals,0.6447,33,27,Cincinnati Bengals,win,2026-09-13T23:11:32Z
5990,nfl,2026,1,2026-09-13T17:00Z,New Orleans Saints,Detroit Lions,0,elo-1.0,2026-09-13T08:10:32Z,Detroit Lions,0.7582,lock,1569.9,1419.4,Detroit Lions,0.7335,31,30,Detroit Lions,win,2026-09-13T23:11:32Z
5991,nfl,2026,1,2026-09-13T17:00Z,New York Jets,Tennessee Titans,0,elo-1.0,2026-09-13T13:18:33Z,Tennessee Titans,0.5500,coin-flip,1323.7,1336.8,Tennessee Titans,0.5174,10,23,New York Jets,loss,2026-09-13T23:11:32Z
5992,nfl,2026,1,2026-09-13T17:00Z,Baltimore Ravens,Indianapolis Colts,0,elo-1.0,2026-09-10T08:15:13Z,Baltimore Ravens,0.5746,coin-flip,1456.8,1557.0,Baltimore Ravens,0.6092,23,41,Baltimore Ravens,win,2026-09-13T23:11:32Z
5993,nfl,2026,1,2026-09-13T17:00Z,Atlanta Falcons,Pittsburgh Steelers,0,elo-1.0,2026-09-13T08:10:32Z,Pittsburgh Steelers,0.6434,lean,1513.5,1459.0,Pittsburgh Steelers,0.7095,20,13,Pittsburgh Steelers,win,2026-09-13T23:11:32Z
5994,nfl,2026,1,2026-09-13T17:00Z,Chicago Bears,Carolina Panthers,0,elo-1.0,2026-09-13T13:18:33Z,Chicago Bears,0.6001,lean,1408.3,1526.9,Chicago Bears,0.6092,37,59,Chicago Bears,win,2026-09-13T23:11:32Z
5995,nfl,2026,1,2026-09-13T17:00Z,Cleveland Browns,Jacksonville Jaguars,0,elo-1.0,2026-09-11T13:11:32Z,Jacksonville Jaguars,0.7726,lock,1568.1,1403.7,Jacksonville Jaguars,0.7867,34,10,Jacksonville Jaguars,win,2026-09-13T23:11:32Z
5996,nfl,2026,1,2026-09-13T17:00Z,Buffalo Bills,Houston Texans,0,elo-1.0,2026-09-13T08:10:32Z,Houston Texans,0.5533,coin-flip,1615.6,1626.4,Buffalo Bills,0.5043,31,36,Buffalo Bills,loss,2026-09-13T23:11:32Z
5997,nfl,2026,1,2026-09-13T20:25Z,Miami Dolphins,Las Vegas Raiders,0,elo-1.0,2026-09-11T23:19:32Z,Miami Dolphins,0.6102,lean,1323.3,1449.1,Las Vegas Raiders,0.6038,27,13,Las Vegas Raiders,loss,2026-09-14T08:13:32Z
5998,nfl,2026,1,2026-09-13T20:25Z,Green Bay Packers,Minnesota Vikings,0,elo-1.0,2026-09-12T23:19:32Z,Minnesota Vikings,0.6038,lean,1560.6,1535.4,Minnesota Vikings,0.5427,39,22,Minnesota Vikings,win,2026-09-14T08:13:32Z
5999,nfl,2026,1,2026-09-13T20:25Z,Washington Commanders,Philadelphia Eagles,0,elo-1.0,2026-09-13T13:18:33Z,Philadelphia Eagles,0.7369,lean,1583.6,1452.7,Philadelphia Eagles,0.6908,24,22,Philadelphia Eagles,win,2026-09-14T08:13:32Z
6000,nfl,2026,1,2026-09-13T20:25Z,Arizona Cardinals,Los Angeles Chargers,0,elo-1.0,2026-09-12T23:19:32Z,Los Angeles Chargers,0.7631,lock,1528.5,1373.3,Los Angeles Chargers,0.8043,14,26,Arizona Cardinals,loss,2026-09-14T08:13:32Z
6001,nfl,2026,1,2026-09-14T00:20Z,Dallas Cowboys,New York Giants,0,elo-1.0,2026-09-13T23:11:32Z,New York Giants,0.5033,coin-flip,1404.1,1449.8,Dallas Cowboys,0.5996,28,20,New York Giants,win,2026-09-14T08:13:32Z
6002,nfl,2026,1,2026-09-15T00:15Z,Denver Broncos,Kansas City Chiefs,0,elo-1.0,2026-09-14T13:13:32Z,Denver Broncos,0.6014,lean,1503.4,1622.9,Kansas City Chiefs,0.5427,31,10,Kansas City Chiefs,loss,2026-09-15T08:13:35Z
11374,mlb,2026,,2026-09-15T22:40Z,Athletics,Tampa Bay Rays,0,elo-1.0,2026-09-15T08:13:35Z,Tampa Bay Rays,0.5409,coin-flip,1493.0,1488.5,Tampa Bay Rays,0.6681,,,,,
11375,mlb,2026,,2026-09-15T22:40Z,Chicago White Sox,Cleveland Guardians,0,elo-1.0,2026-09-15T13:18:35Z,Cleveland Guardians,0.6119,lean,1509.7,1454.6,Cleveland Guardians,0.5751,,,,,
11376,mlb,2026,,2026-09-15T22:40Z,Los Angeles Dodgers,Cincinnati Reds,0,elo-1.0,2026-09-15T08:13:35Z,Los Angeles Dodgers,0.5456,coin-flip,1503.1,1558.8,Los Angeles Dodgers,0.6756,,,,,
11377,mlb,2026,,2026-09-15T22:40Z,Milwaukee Brewers,Pittsburgh Pirates,0,elo-1.0,2026-09-15T13:18:35Z,Milwaukee Brewers,0.5536,coin-flip,1485.3,1546.7,Milwaukee Brewers,0.6915,,,,,
11378,mlb,2026,,2026-09-15T22:45Z,Philadelphia Phillies,Washington Nationals,0,elo-1.0,2026-09-15T13:18:35Z,Philadelphia Phillies,0.6114,lean,1439.9,1542.7,Philadelphia Phillies,0.6610,,,,,
11379,mlb,2026,,2026-09-15T23:07Z,Detroit Tigers,Toronto Blue Jays,0,elo-1.0,2026-09-15T13:18:35Z,Toronto Blue Jays,0.5893,coin-flip,1539.0,1500.3,Toronto Blue Jays,0.5638,,,,,
11380,mlb,2026,,2026-09-15T23:10Z,Baltimore Orioles,New York Mets,0,elo-1.0,2026-09-15T13:18:35Z,New York Mets,0.5638,coin-flip,1506.3,1485.8,New York Mets,0.5483,,,,,
11381,mlb,2026,,2026-09-15T23:40Z,Atlanta Braves,Chicago Cubs,0,elo-1.0,2026-09-15T05:45:20Z,Chicago Cubs,0.5824,coin-flip,1534.9,1501.1,Chicago Cubs,0.5631,,,,,
11382,mlb,2026,,2026-09-15T23:40Z,New York Yankees,Minnesota Twins,0,elo-1.0,2026-09-15T05:45:20Z,New York Yankees,0.5857,coin-flip,1460.6,1544.7,New York Yankees,0.6145,,,,,
11383,mlb,2026,,2026-09-15T23:45Z,San Francisco Giants,St. Louis Cardinals,0,elo-1.0,2026-09-15T05:45:20Z,St. Louis Cardinals,0.5048,coin-flip,1479.4,1500.1,St. Louis Cardinals,0.5987,,,,,
11384,mlb,2026,,2026-09-16T00:05Z,Boston Red Sox,Texas Rangers,0,elo-1.0,2026-09-15T13:18:35Z,Texas Rangers,0.5060,coin-flip,1508.9,1528.7,Boston Red Sox,0.5432,,,,,
11385,mlb,2026,,2026-09-16T00:10Z,Kansas City Royals,Houston Astros,0,elo-1.0,2026-09-15T05:45:20Z,Houston Astros,0.5296,coin-flip,1505.0,1508.4,Houston Astros,0.5982,,,,,
11386,mlb,2026,,2026-09-16T00:40Z,San Diego Padres,Colorado Rockies,0,elo-1.0,2026-09-15T13:18:35Z,San Diego Padres,0.6636,lean,1386.0,1528.0,San Diego Padres,0.6418,,,,,
11387,mlb,2026,,2026-09-16T01:38Z,Seattle Mariners,Los Angeles Angels,0,elo-1.0,2026-09-15T13:18:35Z,Seattle Mariners,0.5737,coin-flip,1447.9,1523.5,Seattle Mariners,0.6078,,,,,
11388,mlb,2026,,2026-09-16T01:40Z,Miami Marlins,Arizona Diamondbacks,0,elo-1.0,2026-09-15T13:18:35Z,Arizona Diamondbacks,0.5688,coin-flip,1506.6,1482.5,Arizona Diamondbacks,0.5825,,,,,
11389,mlb,2026,,2026-09-16T17:00Z,Chicago White Sox,Cleveland Guardians,0,elo-1.0,2026-09-15T05:45:20Z,Cleveland Guardians,0.6119,lean,1509.7,1454.6,,,,,,,
11390,mlb,2026,,2026-09-16T17:15Z,San Francisco Giants,St. Louis Cardinals,0,elo-1.0,2026-09-15T05:45:20Z,St. Louis Cardinals,0.5048,coin-flip,1479.4,1500.1,,,,,,,
11391,mlb,2026,,2026-09-16T17:40Z,New York Yankees,Minnesota Twins,0,elo-1.0,2026-09-15T05:45:20Z,New York Yankees,0.5857,coin-flip,1460.6,1544.7,,,,,,,
11392,mlb,2026,,2026-09-16T19:07Z,Detroit Tigers,Toronto Blue Jays,0,elo-1.0,2026-09-15T05:45:20Z,Toronto Blue Jays,0.5893,coin-flip,1539.0,1500.3,,,,,,,
11393,mlb,2026,,2026-09-16T22:40Z,Athletics,Tampa Bay Rays,0,elo-1.0,2026-09-15T05:45:20Z,Tampa Bay Rays,0.5409,coin-flip,1493.0,1488.5,,,,,,,
11394,mlb,2026,,2026-09-16T22:40Z,Los Angeles Dodgers,Cincinnati Reds,0,elo-1.0,2026-09-15T05:45:20Z,Los Angeles Dodgers,0.5456,coin-flip,1503.1,1558.8,,,,,,,
11395,mlb,2026,,2026-09-16T22:40Z,Milwaukee Brewers,Pittsburgh Pirates,0,elo-1.0,2026-09-15T05:45:20Z,Milwaukee Brewers,0.5536,coin-flip,1485.3,1546.7,,,,,,,
11396,mlb,2026,,2026-09-16T22:45Z,Philadelphia Phillies,Washington Nationals,0,elo-1.0,2026-09-15T05:45:20Z,Philadelphia Phillies,0.6114,lean,1439.9,1542.7,,,,,,,
11397,mlb,2026,,2026-09-16T23:00Z,Baltimore Orioles,New York Mets,0,elo-1.0,2026-09-15T05:45:20Z,New York Mets,0.5638,coin-flip,1506.3,1485.8,,,,,,,
11398,mlb,2026,,2026-09-16T23:40Z,Atlanta Braves,Chicago Cubs,0,elo-1.0,2026-09-15T05:45:20Z,Chicago Cubs,0.5824,coin-flip,1534.9,1501.1,,,,,,,
11399,mlb,2026,,2026-09-17T00:05Z,Boston Red Sox,Texas Rangers,0,elo-1.0,2026-09-15T05:45:20Z,Texas Rangers,0.5060,coin-flip,1508.9,1528.7,,,,,,,
11400,mlb,2026,,2026-09-17T00:10Z,Kansas City Royals,Houston Astros,0,elo-1.0,2026-09-15T05:45:20Z,Houston Astros,0.5296,coin-flip,1505.0,1508.4,,,,,,,
11401,mlb,2026,,2026-09-17T00:40Z,San Diego Padres,Colorado Rockies,0,elo-1.0,2026-09-15T05:45:20Z,San Diego Padres,0.6636,lean,1386.0,1528.0,,,,,,,
11402,mlb,2026,,2026-09-17T01:38Z,Seattle Mariners,Los Angeles Angels,0,elo-1.0,2026-09-15T05:45:20Z,Seattle Mariners,0.5737,coin-flip,1447.9,1523.5,,,,,,,
11403,mlb,2026,,2026-09-17T01:40Z,Miami Marlins,Arizona Diamondbacks,0,elo-1.0,2026-09-15T05:45:20Z,Arizona Diamondbacks,0.5688,coin-flip,1506.6,1482.5,,,,,,,
11404,mlb,2026,,2026-09-17T16:35Z,Milwaukee Brewers,Pittsburgh Pirates,0,elo-1.0,2026-09-15T05:45:20Z,Milwaukee Brewers,0.5536,coin-flip,1485.3,1546.7,,,,,,,
11405,mlb,2026,,2026-09-17T16:40Z,Los Angeles Dodgers,Cincinnati Reds,0,elo-1.0,2026-09-15T05:45:20Z,Los Angeles Dodgers,0.5456,coin-flip,1503.1,1558.8,,,,,,,
11406,mlb,2026,,2026-09-17T17:10Z,Athletics,Tampa Bay Rays,0,elo-1.0,2026-09-15T05:45:20Z,Tampa Bay Rays,0.5409,coin-flip,1493.0,1488.5,,,,,,,
11407,mlb,2026,,2026-09-17T19:10Z,San Diego Padres,Colorado Rockies,0,elo-1.0,2026-09-15T05:45:20Z,San Diego Padres,0.6636,lean,1386.0,1528.0,,,,,,,
11408,mlb,2026,,2026-09-17T23:15Z,Philadelphia Phillies,New York Mets,0,elo-1.0,2026-09-15T05:45:20Z,Philadelphia Phillies,0.5178,coin-flip,1506.3,1542.7,,,,,,,
11409,mlb,2026,,2026-09-17T23:15Z,Kansas City Royals,Houston Astros,0,elo-1.0,2026-09-15T05:45:20Z,Houston Astros,0.5296,coin-flip,1505.0,1508.4,,,,,,,
6204,cfb,2026,3,2026-09-17T23:30Z,Syracuse Orange,Pittsburgh Panthers,0,elo-1.0,2026-09-16T23:12:47Z,Pittsburgh Panthers,0.8653,lock,1612.4,1354.3,Pittsburgh Panthers,0.7768,27,13,Pittsburgh Panthers,win,2026-09-18T08:17:02Z
11410,mlb,2026,,2026-09-17T23:40Z,Detroit Tigers,Chicago White Sox,0,elo-1.0,2026-09-15T05:45:20Z,Detroit Tigers,0.5312,coin-flip,1454.6,1500.3,,,,,,,
11411,mlb,2026,,2026-09-18T00:05Z,Boston Red Sox,Texas Rangers,0,elo-1.0,2026-09-15T05:45:20Z,Texas Rangers,0.5060,coin-flip,1508.9,1528.7,,,,,,,
6188,nfl,2026,2,2026-09-18T00:15Z,Detroit Lions,Buffalo Bills,0,elo-1.0,2026-09-16T23:12:47Z,Buffalo Bills,0.6677,lean,1646.2,1573.0,Buffalo Bills,0.6750,41,31,Buffalo Bills,win,2026-09-18T08:17:02Z
11412,mlb,2026,,2026-09-18T01:38Z,Minnesota Twins,Los Angeles Angels,0,elo-1.0,2026-09-15T05:45:20Z,Los Angeles Angels,0.5163,coin-flip,1447.9,1460.6,,,,,,,
11413,mlb,2026,,2026-09-18T22:40Z,Chicago Cubs,Cincinnati Reds,0,elo-1.0,2026-09-15T05:45:20Z,Chicago Cubs,0.5113,coin-flip,1503.1,1534.9,,,,,,,
11414,mlb,2026,,2026-09-18T22:40Z,Kansas City Royals,Pittsburgh Pirates,0,elo-1.0,2026-09-15T05:45:20Z,Pittsburgh Pirates,0.5012,coin-flip,1485.3,1508.4,,,,,,,
11415,mlb,2026,,2026-09-18T23:05Z,Milwaukee Brewers,Baltimore Orioles,0,elo-1.0,2026-09-15T05:45:20Z,Milwaukee Brewers,0.5529,coin-flip,1485.8,1546.7,,,,,,,
11416,mlb,2026,,2026-09-18T23:10Z,Athletics,Cleveland Guardians,0,elo-1.0,2026-09-15T05:45:20Z,Cleveland Guardians,0.5647,coin-flip,1509.7,1488.5,,,,,,,
11417,mlb,2026,,2026-09-18T23:10Z,Boston Red Sox,Tampa Bay Rays,0,elo-1.0,2026-09-15T05:45:20Z,Boston Red Sox,0.5168,coin-flip,1493.0,1528.7,,,,,,,
11418,mlb,2026,,2026-09-18T23:10Z,Philadelphia Phillies,New York Mets,0,elo-1.0,2026-09-15T05:45:20Z,Philadelphia Phillies,0.5178,coin-flip,1506.3,1542.7,,,,,,,
6205,cfb,2026,3,2026-09-18T23:30Z,Miami Hurricanes,Wake Forest Demon Deacons,0,elo-1.0,2026-09-18T23:18:03Z,Miami Hurricanes,0.7248,lean,1579.2,1812.4,Miami Hurricanes,0.9040,20,33,Miami Hurricanes,win,2026-09-19T08:15:02Z
11419,mlb,2026,,2026-09-18T23:40Z,Detroit Tigers,Chicago White Sox,0,elo-1.0,2026-09-15T05:45:20Z,Detroit Tigers,0.5312,coin-flip,1454.6,1500.3,,,,,,,
6206,cfb,2026,3,2026-09-19T00:00Z,Houston Cougars,Texas Tech Red Raiders,0,elo-1.0,2026-09-18T14:27:58Z,Texas Tech Red Raiders,0.7772,lock,1747.1,1595.1,Texas Tech Red Raiders,0.7258,28,26,Texas Tech Red Raiders,win,2026-09-19T08:15:02Z
11420,mlb,2026,,2026-09-19T00:05Z,Toronto Blue Jays,Texas Rangers,0,elo-1.0,2026-09-15T05:45:20Z,Toronto Blue Jays,0.5088,coin-flip,1508.9,1539.0,,,,,,,
11421,mlb,2026,,2026-09-19T00:10Z,Atlanta Braves,Houston Astros,0,elo-1.0,2026-09-15T05:45:20Z,Houston Astros,0.5401,coin-flip,1505.0,1501.1,,,,,,,
11422,mlb,2026,,2026-09-19T00:10Z,Seattle Mariners,Colorado Rockies,0,elo-1.0,2026-09-15T05:45:20Z,Seattle Mariners,0.6578,lean,1386.0,1523.5,,,,,,,
11423,mlb,2026,,2026-09-19T00:15Z,Washington Nationals,St. Louis Cardinals,0,elo-1.0,2026-09-15T05:45:20Z,St. Louis Cardinals,0.5903,coin-flip,1479.4,1439.9,,,,,,,
11424,mlb,2026,,2026-09-19T01:38Z,Minnesota Twins,Los Angeles Angels,0,elo-1.0,2026-09-15T05:45:20Z,Los Angeles Angels,0.5163,coin-flip,1447.9,1460.6,,,,,,,
11425,mlb,2026,,2026-09-19T01:40Z,Miami Marlins,San Diego Padres,0,elo-1.0,2026-09-15T05:45:20Z,San Diego Padres,0.5987,coin-flip,1528.0,1482.5,,,,,,,
11426,mlb,2026,,2026-09-19T01:40Z,New York Yankees,Arizona Diamondbacks,0,elo-1.0,2026-09-15T05:45:20Z,New York Yankees,0.5203,coin-flip,1506.6,1544.7,,,,,,,
11427,mlb,2026,,2026-09-19T02:10Z,San Francisco Giants,Los Angeles Dodgers,0,elo-1.0,2026-09-15T05:45:20Z,Los Angeles Dodgers,0.6168,lean,1558.8,1500.1,,,,,,,
6207,cfb,2026,3,2026-09-19T02:30Z,Portland State Vikings,Oregon Ducks,0,elo-1.0,2026-09-12T23:19:32Z,Oregon Ducks,0.9723,lock,1713.1,1160.1,,,84,0,Oregon Ducks,win,2026-09-19T08:15:02Z
6208,cfb,2026,3,2026-09-19T15:30Z,Coastal Carolina Chanticleers,Delaware Blue Hens,0,elo-1.0,2026-09-19T08:15:02Z,Delaware Blue Hens,0.6413,lean,1463.2,1427.3,Delaware Blue Hens,0.6447,22,14,Delaware Blue Hens,win,2026-09-19T23:14:03Z
6209,cfb,2026,3,2026-09-19T16:00Z,Kent State Golden Flashes,Ohio State Buckeyes,0,elo-1.0,2026-09-13T08:10:32Z,Ohio State Buckeyes,0.9389,lock,1770.8,1361.3,,,59,3,Ohio State Buckeyes,win,2026-09-19T23:14:03Z
6210,cfb,2026,3,2026-09-19T16:00Z,Georgia Bulldogs,Arkansas Razorbacks,0,elo-1.0,2026-09-17T13:12:02Z,Georgia Bulldogs,0.8423,lock,1427.7,1783.7,Georgia Bulldogs,0.9311,17,45,Georgia Bulldogs,win,2026-09-19T23:14:03Z
6211,cfb,2026,3,2026-09-19T16:00Z,Buffalo Bulls,Penn State Nittany Lions,0,elo-1.0,2026-09-13T08:10:32Z,Penn State Nittany Lions,0.9100,lock,1713.0,1376.2,,,55,13,Penn State Nittany Lions,win,2026-09-19T23:14:03Z
6212,cfb,2026,3,2026-09-19T16:00Z,Tulane Green Wave,Kansas State Wildcats,0,elo-1.0,2026-09-18T13:20:43Z,Kansas State Wildcats,0.6311,lean,1629.2,1601.0,Kansas State Wildcats,0.8989,31,20,Kansas State Wildcats,win,2026-09-19T23:14:03Z
6213,cfb,2026,3,2026-09-19T16:00Z,Bowling Green Falcons,Iowa State Cyclones,0,elo-1.0,2026-09-18T13:20:43Z,Iowa State Cyclones,0.8892,lock,1575.5,1278.7,Iowa State Cyclones,0.9258,55,7,Iowa State Cyclones,win,2026-09-19T23:14:03Z
6214,cfb,2026,3,2026-09-19T16:00Z,Arizona State Sun Devils,Kansas Jayhawks,1,elo-1.0,2026-09-19T13:14:02Z,Arizona State Sun Devils,0.6451,lean,1441.3,1545.1,Arizona State Sun Devils,0.6575,17,24,Arizona State Sun Devils,win,2026-09-19T23:14:03Z
6215,cfb,2026,3,2026-09-19T16:00Z,Mercer Bears,Georgia Tech Yellow Jackets,0,elo-1.0,2026-09-13T08:10:32Z,Georgia Tech Yellow Jackets,0.8816,lock,1468.2,1184.4,,,44,11,Georgia Tech Yellow Jackets,win,2026-09-19T23:14:03Z
6216,cfb,2026,3,2026-09-19T16:00Z,North Carolina Tar Heels,Clemson Tigers,0,elo-1.0,2026-09-17T23:14:43Z,Clemson Tigers,0.7007,lean,1566.1,1483.3,Clemson Tigers,0.5996,28,20,Clemson Tigers,win,2026-09-19T23:14:03Z
6217,cfb,2026,3,2026-09-19T16:00Z,Akron Zips,Minnesota Golden Gophers,0,elo-1.0,2026-09-18T13:20:43Z,Minnesota Golden Gophers,0.7327,lean,1495.5,1385.4,Minnesota Golden Gophers,0.9357,41,7,Minnesota Golden Gophers,win,2026-09-19T23:14:03Z
6218,cfb,2026,3,2026-09-19T16:00Z,North Texas Mean Green,Texas State Bobcats,0,elo-1.0,2026-09-17T23:14:43Z,North Texas Mean Green,0.6230,lean,1498.1,1650.4,Texas State Bobcats,0.5635,49,35,Texas State Bobcats,loss,2026-09-19T23:14:03Z
6219,cfb,2026,3,2026-09-19T16:30Z,Eastern Michigan Eagles,Wisconsin Badgers,0,elo-1.0,2026-09-18T13:20:43Z,Wisconsin Badgers,0.7455,lean,1476.1,1354.4,Wisconsin Badgers,0.9258,54,10,Wisconsin Badgers,win,2026-09-19T23:14:03Z
6220,cfb,2026,3,2026-09-19T16:45Z,NC State Wolfpack,Vanderbilt Commodores,0,elo-1.0,2026-09-18T13:20:43Z,Vanderbilt Commodores,0.7692,lock,1696.4,1552.2,Vanderbilt Commodores,0.5934,35,31,Vanderbilt Commodores,win,2026-09-19T23:14:03Z
6221,cfb,2026,3,2026-09-19T17:00Z,Wyoming Cowboys,Central Michigan Chippewas,0,elo-1.0,2026-09-17T23:14:43Z,Central Michigan Chippewas,0.6835,lean,1411.9,1343.1,Wyoming Cowboys,0.5043,24,10,Central Michigan Chippewas,win,2026-09-19T23:14:03Z
6222,cfb,2026,3,2026-09-19T18:00Z,Maine Black Bears,Boston College Eagles,0,elo-1.0,2026-09-12T08:16:33Z,Boston College Eagles,0.8664,lock,1415.7,1156.0,,,22,16,Boston College Eagles,win,2026-09-19T23:14:03Z
6223,cfb,2026,3,2026-09-19T18:00Z,Southern Illinois Salukis,Illinois Fighting Illini,0,elo-1.0,2026-09-12T23:19:32Z,Illinois Fighting Illini,0.9251,lock,1571.9,1200.2,,,48,10,Illinois Fighting Illini,win,2026-09-19T23:14:03Z
6224,cfb,2026,3,2026-09-19T19:00Z,Temple Owls,Toledo Rockets,0,elo-1.0,2026-09-18T23:18:03Z,Toledo Rockets,0.7486,lean,1523.7,1399.2,Toledo Rockets,0.6690,49,48,Toledo Rockets,win,2026-09-19T23:14:03Z
6227,cfb,2026,3,2026-09-19T19:30Z,USC Trojans,Rutgers Scarlet Knights,0,elo-1.0,2026-09-18T13:20:43Z,USC Trojans,0.8309,lock,1363.1,1704.6,USC Trojans,0.9197,35,42,USC Trojans,win,2026-09-20T00:03:19Z
6228,cfb,2026,3,2026-09-19T19:30Z,SMU Mustangs,Louisville Cardinals,0,elo-1.0,2026-09-19T13:14:02Z,SMU Mustangs,0.5176,coin-flip,1620.5,1697.7,Louisville Cardinals,0.5261,41,31,Louisville Cardinals,loss,2026-09-20T00:03:19Z
6229,cfb,2026,3,2026-09-19T19:30Z,Utah State Aggies,Utah Utes,0,elo-1.0,2026-09-17T23:14:43Z,Utah Utes,0.9216,lock,1738.1,1375.0,Utah Utes,0.9491,33,0,Utah Utes,win,2026-09-19T23:14:03Z
6230,cfb,2026,3,2026-09-19T19:30Z,Miami (OH) RedHawks,Cincinnati Bearcats,0,elo-1.0,2026-09-19T13:14:02Z,Cincinnati Bearcats,0.6989,lean,1535.0,1453.7,Cincinnati Bearcats,0.8400,35,31,Cincinnati Bearcats,win,2026-09-19T23:14:03Z
6231,cfb,2026,3,2026-09-19T19:30Z,Wagner Seahawks,California Golden Bears,0,elo-1.0,2026-09-13T08:10:32Z,California Golden Bears,0.8791,lock,1416.5,1136.8,,,49,7,California Golden Bears,win,2026-09-19T23:14:03Z
6232,cfb,2026,3,2026-09-19T19:30Z,UTEP Miners,Michigan Wolverines,0,elo-1.0,2026-09-13T08:10:32Z,Michigan Wolverines,0.9090,lock,1664.8,1329.9,,,52,17,Michigan Wolverines,win,2026-09-19T23:14:03Z
6233,cfb,2026,3,2026-09-19T19:30Z,Duquesne Dukes,Washington State Cougars,0,elo-1.0,2026-09-12T23:19:32Z,Washington State Cougars,0.9139,lock,1484.2,1138.8,,,48,7,Washington State Cougars,win,2026-09-19T23:14:03Z
6234,cfb,2026,3,2026-09-19T19:30Z,Stonehill Skyhawks,Massachusetts Minutemen,0,elo-1.0,2026-09-12T23:19:32Z,Massachusetts Minutemen,0.7284,lean,1306.4,1200.0,,,36,14,Massachusetts Minutemen,win,2026-09-19T23:14:03Z
6225,cfb,2026,3,2026-09-19T19:40Z,Kentucky Wildcats,Texas A&M Aggies,0,elo-1.0,2026-09-17T08:11:02Z,Texas A&M Aggies,0.8608,lock,1723.0,1471.4,Texas A&M Aggies,0.8579,21,31,Kentucky Wildcats,loss,2026-09-19T23:14:03Z
6235,cfb,2026,3,2026-09-19T20:00Z,Western Kentucky Hilltoppers,Indiana Hoosiers,0,elo-1.0,2026-09-12T23:19:32Z,Indiana Hoosiers,0.9556,lock,1890.9,1422.9,,,38,0,Indiana Hoosiers,win,2026-09-20T00:03:19Z
6236,cfb,2026,3,2026-09-19T20:00Z,Northern Iowa Panthers,Iowa Hawkeyes,0,elo-1.0,2026-09-13T08:10:32Z,Iowa Hawkeyes,0.9702,lock,1712.3,1172.4,,,55,0,Iowa Hawkeyes,win,2026-09-20T00:03:19Z
6237,cfb,2026,3,2026-09-19T20:00Z,Stanford Cardinal,Duke Blue Devils,0,elo-1.0,2026-09-18T13:20:43Z,Duke Blue Devils,0.8476,lock,1699.8,1466.8,Duke Blue Devils,0.7659,35,7,Duke Blue Devils,win,2026-09-20T00:03:19Z
6238,cfb,2026,3,2026-09-19T20:00Z,Ball State Cardinals,Liberty Flames,0,elo-1.0,2026-09-18T23:18:03Z,Liberty Flames,0.6727,lean,1407.0,1346.8,Liberty Flames,0.8316,51,15,Liberty Flames,win,2026-09-19T23:14:03Z
6239,cfb,2026,3,2026-09-19T20:00Z,Louisiana Tech Bulldogs,Baylor Bears,0,elo-1.0,2026-09-18T08:17:02Z,Baylor Bears,0.5673,coin-flip,1476.9,1494.8,Baylor Bears,0.8934,36,19,Baylor Bears,win,2026-09-20T00:03:19Z
11428,mlb,2026,,2026-09-19T20:05Z,Milwaukee Brewers,Baltimore Orioles,0,elo-1.0,2026-09-15T05:45:20Z,Milwaukee Brewers,0.5529,coin-flip,1485.8,1546.7,,,,,,,
11429,mlb,2026,,2026-09-19T20:10Z,Boston Red Sox,Tampa Bay Rays,0,elo-1.0,2026-09-15T05:45:20Z,Boston Red Sox,0.5168,coin-flip,1493.0,1528.7,,,,,,,
11430,mlb,2026,,2026-09-19T20:10Z,Philadelphia Phillies,New York Mets,0,elo-1.0,2026-09-15T05:45:20Z,Philadelphia Phillies,0.5178,coin-flip,1506.3,1542.7,,,,,,,
6241,cfb,2026,3,2026-09-19T20:30Z,SE Louisiana Lions,UL Monroe Warhawks,0,elo-1.0,2026-09-12T23:19:32Z,UL Monroe Warhawks,0.7200,lean,1251.9,1152.8,,,35,38,SE Louisiana Lions,loss,2026-09-20T00:03:19Z
6226,cfb,2026,3,2026-09-19T21:15Z,Florida State Seminoles,Alabama Crimson Tide,0,elo-1.0,2026-09-15T23:14:42Z,Alabama Crimson Tide,0.8922,lock,1760.1,1458.0,Alabama Crimson Tide,0.8934,50,36,Alabama Crimson Tide,win,2026-09-20T08:16:02Z
6240,cfb,2026,3,2026-09-19T21:35Z,Mississippi State Bulldogs,South Carolina Gamecocks,0,elo-1.0,2026-09-18T13:20:43Z,South Carolina Gamecocks,0.5794,coin-flip,1551.4,1560.7,South Carolina Gamecocks,0.6164,34,41,Mississippi State Bulldogs,loss,2026-09-20T08:16:02Z
6242,cfb,2026,3,2026-09-19T22:00Z,East Carolina Pirates,Old Dominion Monarchs,0,elo-1.0,2026-09-19T08:15:02Z,Old Dominion Monarchs,0.6506,lean,1561.1,1518.1,Old Dominion Monarchs,0.5635,17,20,East Carolina Pirates,loss,2026-09-20T08:16:02Z
6243,cfb,2026,3,2026-09-19T22:00Z,Florida International Panthers,Florida Atlantic Owls,0,elo-1.0,2026-09-18T14:27:58Z,Florida Atlantic Owls,0.5044,coin-flip,1418.3,1480.3,Florida Atlantic Owls,0.6806,16,10,Florida Atlantic Owls,win,2026-09-20T08:16:02Z
11431,mlb,2026,,2026-09-19T22:10Z,Athletics,Cleveland Guardians,0,elo-1.0,2026-09-15T05:45:20Z,Cleveland Guardians,0.5647,coin-flip,1509.7,1488.5,,,,,,,
6245,cfb,2026,3,2026-09-19T22:30Z,Marshall Thundering Herd,Missouri State Bears,0,elo-1.0,2026-09-17T23:14:43Z,Missouri State Bears,0.5304,coin-flip,1427.0,1470.9,Marshall Thundering Herd,0.6309,24,30,Marshall Thundering Herd,loss,2026-09-20T08:16:02Z
11432,mlb,2026,,2026-09-19T22:40Z,Chicago Cubs,Cincinnati Reds,0,elo-1.0,2026-09-15T05:45:20Z,Chicago Cubs,0.5113,coin-flip,1503.1,1534.9,,,,,,,
11433,mlb,2026,,2026-09-19T22:40Z,Kansas City Royals,Pittsburgh Pirates,0,elo-1.0,2026-09-15T05:45:20Z,Pittsburgh Pirates,0.5012,coin-flip,1485.3,1508.4,,,,,,,
6246,cfb,2026,3,2026-09-19T23:00Z,Troy Trojans,Missouri Tigers,0,elo-1.0,2026-09-18T13:20:43Z,Missouri Tigers,0.7461,lean,1637.2,1514.9,Missouri Tigers,0.9463,27,17,Missouri Tigers,win,2026-09-20T08:16:02Z
6247,cfb,2026,3,2026-09-19T23:00Z,Florida Gators,Auburn Tigers,0,elo-1.0,2026-09-17T23:14:43Z,Auburn Tigers,0.5812,coin-flip,1544.3,1552.3,Florida Gators,0.5427,39,44,Florida Gators,loss,2026-09-20T08:16:02Z
6248,cfb,2026,3,2026-09-19T23:00Z,Georgia State Panthers,UCF Knights,0,elo-1.0,2026-09-18T08:17:02Z,UCF Knights,0.6377,lean,1446.3,1413.1,UCF Knights,0.8762,44,30,UCF Knights,win,2026-09-20T08:16:02Z
6249,cfb,2026,3,2026-09-19T23:00Z,Murray State Racers,Oklahoma State Cowboys,0,elo-1.0,2026-09-12T23:19:32Z,Oklahoma State Cowboys,0.8288,lock,1346.3,1137.4,,,59,0,Oklahoma State Cowboys,win,2026-09-20T08:16:02Z
6250,cfb,2026,3,2026-09-19T23:00Z,UConn Huskies,Southern Miss Golden Eagles,0,elo-1.0,2026-09-16T23:12:47Z,UConn Huskies,0.5106,coin-flip,1383.1,1455.5,UConn Huskies,0.5934,20,48,UConn Huskies,win,2026-09-20T08:16:02Z
6251,cfb,2026,3,2026-09-19T23:00Z,UT Martin Skyhawks,Memphis Tigers,0,elo-1.0,2026-09-15T23:14:42Z,Memphis Tigers,0.9256,lock,1538.2,1165.2,Memphis Tigers,0.9761,45,21,Memphis Tigers,win,2026-09-20T08:16:02Z
6252,cfb,2026,3,2026-09-19T23:00Z,Western Michigan Broncos,Rice Owls,0,elo-1.0,2026-09-18T14:27:58Z,Western Michigan Broncos,0.7122,lean,1391.3,1613.7,Western Michigan Broncos,0.7508,21,28,Western Michigan Broncos,win,2026-09-20T08:16:02Z
6253,cfb,2026,3,2026-09-19T23:00Z,Delaware State Hornets,South Florida Bulls,0,elo-1.0,2026-09-12T23:19:32Z,South Florida Bulls,0.9547,lock,1643.1,1178.7,,,59,17,South Florida Bulls,win,2026-09-20T08:16:02Z
6254,cfb,2026,3,2026-09-19T23:00Z,Nevada Wolf Pack,Middle Tennessee Blue Raiders,0,elo-1.0,2026-09-14T23:12:32Z,Middle Tennessee Blue Raiders,0.5311,coin-flip,1346.0,1389.4,Nevada Wolf Pack,0.6164,27,20,Middle Tennessee Blue Raiders,win,2026-09-20T08:16:02Z
6255,cfb,2026,3,2026-09-19T23:00Z,Ohio Bobcats,South Alabama Jaguars,0,elo-1.0,2026-09-18T08:17:02Z,Ohio Bobcats,0.5724,coin-flip,1431.7,1547.3,South Alabama Jaguars,0.6908,41,36,South Alabama Jaguars,loss,2026-09-20T08:16:02Z
6256,cfb,2026,3,2026-09-19T23:00Z,Georgia Southern Eagles,Jacksonville State Gamecocks,0,elo-1.0,2026-09-16T23:12:47Z,Jacksonville State Gamecocks,0.5834,coin-flip,1471.7,1478.2,Jacksonville State Gamecocks,0.5996,31,27,Jacksonville State Gamecocks,win,2026-09-20T08:16:02Z
6257,cfb,2026,3,2026-09-19T23:00Z,Nicholls Colonels,Sam Houston Bearkats,0,elo-1.0,2026-09-13T08:10:32Z,Sam Houston Bearkats,0.7124,lean,1253.7,1161.1,,,59,0,Sam Houston Bearkats,win,2026-09-20T08:16:02Z
11434,mlb,2026,,2026-09-19T23:05Z,Toronto Blue Jays,Texas Rangers,0,elo-1.0,2026-09-15T05:45:20Z,Toronto Blue Jays,0.5088,coin-flip,1508.9,1539.0,,,,,,,
11435,mlb,2026,,2026-09-19T23:10Z,Atlanta Braves,Houston Astros,0,elo-1.0,2026-09-15T05:45:20Z,Houston Astros,0.5401,coin-flip,1505.0,1501.1,,,,,,,
11436,mlb,2026,,2026-09-19T23:10Z,Detroit Tigers,Chicago White Sox,0,elo-1.0,2026-09-15T05:45:20Z,Detroit Tigers,0.5312,coin-flip,1454.6,1500.3,,,,,,,
6258,cfb,2026,3,2026-09-19T23:15Z,Eastern Washington Eagles,Washington Huskies,0,elo-1.0,2026-09-12T23:19:32Z,Washington Huskies,0.9633,lock,1679.7,1176.9,,,48,16,Washington Huskies,win,2026-09-20T08:16:02Z
6259,cfb,2026,3,2026-09-19T23:15Z,North Dakota Fighting Hawks,Nebraska Cornhuskers,0,elo-1.0,2026-09-19T23:14:03Z,Nebraska Cornhuskers,0.9350,lock,1587.0,1188.9,Nebraska Cornhuskers,0.9311,34,7,Nebraska Cornhuskers,win,2026-09-20T08:16:02Z
11437,mlb,2026,,2026-09-19T23:15Z,Washington Nationals,St. Louis Cardinals,0,elo-1.0,2026-09-15T05:45:20Z,St. Louis Cardinals,0.5903,coin-flip,1479.4,1439.9,,,,,,,
6260,cfb,2026,3,2026-09-19T23:30Z,Michigan State Spartans,Notre Dame Fighting Irish,0,elo-1.0,2026-09-18T13:20:43Z,Notre Dame Fighting Irish,0.8862,lock,1801.8,1510.3,Notre Dame Fighting Irish,0.9491,27,10,Notre Dame Fighting Irish,win,2026-09-20T08:16:02Z
6261,cfb,2026,3,2026-09-19T23:30Z,LSU Tigers,Ole Miss Rebels,0,elo-1.0,2026-09-19T23:14:03Z,Ole Miss Rebels,0.7418,lean,1776.7,1658.4,LSU Tigers,0.5721,32,24,Ole Miss Rebels,win,2026-09-20T08:16:02Z
6262,cfb,2026,3,2026-09-19T23:30Z,New Mexico Lobos,Oklahoma Sooners,0,elo-1.0,2026-09-18T13:20:43Z,Oklahoma Sooners,0.6207,lean,1623.1,1602.5,Oklahoma Sooners,0.9197,14,6,Oklahoma Sooners,win,2026-09-20T08:16:02Z
6264,cfb,2026,3,2026-09-19T23:30Z,West Virginia Mountaineers,Virginia Cavaliers,1,elo-1.0,2026-09-18T13:20:43Z,Virginia Cavaliers,0.7116,lean,1657.7,1500.9,Virginia Cavaliers,0.7715,27,38,West Virginia Mountaineers,loss,2026-09-20T08:16:02Z
6265,cfb,2026,3,2026-09-19T23:30Z,Colorado Buffaloes,Northwestern Wildcats,0,elo-1.0,2026-09-15T23:14:42Z,Northwestern Wildcats,0.7072,lean,1538.5,1450.3,Northwestern Wildcats,0.6092,41,7,Northwestern Wildcats,win,2026-09-20T08:16:02Z
6266,cfb,2026,3,2026-09-19T23:30Z,Virginia Tech Hokies,Maryland Terrapins,0,elo-1.0,2026-09-19T23:14:03Z,Maryland Terrapins,0.5994,coin-flip,1512.3,1507.3,Virginia Tech Hokies,0.5427,26,35,Virginia Tech Hokies,loss,2026-09-20T08:16:02Z
6267,cfb,2026,3,2026-09-19T23:45Z,Kennesaw State Owls,Tennessee Volunteers,0,elo-1.0,2026-09-18T14:27:58Z,Tennessee Volunteers,0.8229,lock,1652.3,1450.5,Tennessee Volunteers,0.9578,42,9,Tennessee Volunteers,win,2026-09-20T08:16:02Z
6268,cfb,2026,3,2026-09-20T00:00Z,UTSA Roadrunners,Texas Longhorns,0,elo-1.0,2026-09-16T23:12:47Z,Texas Longhorns,0.7707,lock,1769.2,1623.6,Texas Longhorns,0.9491,30,6,Texas Longhorns,win,2026-09-20T08:16:02Z
6269,cfb,2026,3,2026-09-20T00:00Z,Arkansas State Red Wolves,TCU Horned Frogs,0,elo-1.0,2026-09-18T13:20:43Z,TCU Horned Frogs,0.7398,lean,1587.6,1471.0,TCU Horned Frogs,0.8934,31,7,TCU Horned Frogs,win,2026-09-20T08:16:02Z
6270,cfb,2026,3,2026-09-20T00:00Z,East Texas A&M Lions,Tulsa Golden Hurricane,0,elo-1.0,2026-09-13T08:10:32Z,Tulsa Golden Hurricane,0.8449,lock,1408.8,1179.3,,,42,0,Tulsa Golden Hurricane,win,2026-09-20T08:16:02Z
6271,cfb,2026,3,2026-09-20T00:00Z,UAB Blazers,Louisiana Ragin' Cajuns,0,elo-1.0,2026-09-19T23:14:03Z,Louisiana Ragin' Cajuns,0.6900,lean,1462.6,1388.6,Louisiana Ragin' Cajuns,0.7050,21,14,Louisiana Ragin' Cajuns,win,2026-09-20T08:16:02Z
11438,mlb,2026,,2026-09-20T00:10Z,Seattle Mariners,Colorado Rockies,0,elo-1.0,2026-09-15T05:45:20Z,Seattle Mariners,0.6578,lean,1386.0,1523.5,,,,,,,
11439,mlb,2026,,2026-09-20T00:10Z,New York Yankees,Arizona Diamondbacks,0,elo-1.0,2026-09-15T05:45:20Z,New York Yankees,0.5203,coin-flip,1506.6,1544.7,,,,,,,
6263,cfb,2026,3,2026-09-20T00:15Z,BYU Cougars,Colorado State Rams,0,elo-1.0,2026-09-19T13:14:02Z,BYU Cougars,0.8061,lock,1408.5,1721.0,BYU Cougars,0.8721,23,41,BYU Cougars,win,2026-09-20T08:16:02Z
11440,mlb,2026,,2026-09-20T00:40Z,Miami Marlins,San Diego Padres,0,elo-1.0,2026-09-15T05:45:20Z,San Diego Padres,0.5987,coin-flip,1528.0,1482.5,,,,,,,
11441,mlb,2026,,2026-09-20T01:10Z,San Francisco Giants,Los Angeles Dodgers,0,elo-1.0,2026-09-15T05:45:20Z,Los Angeles Dodgers,0.6168,lean,1558.8,1500.1,,,,,,,
6244,cfb,2026,3,2026-09-20T01:30Z,Charlotte 49ers,App State Mountaineers,0,elo-1.0,2026-09-18T14:27:58Z,App State Mountaineers,0.8401,lock,1465.9,1242.6,App State Mountaineers,0.8800,26,21,App State Mountaineers,win,2026-09-20T08:16:02Z
11442,mlb,2026,,2026-09-20T01:38Z,Minnesota Twins,Los Angeles Angels,0,elo-1.0,2026-09-15T05:45:20Z,Los Angeles Angels,0.5163,coin-flip,1447.9,1460.6,,,,,,,
6272,cfb,2026,3,2026-09-20T02:00Z,South Dakota Coyotes,Boise State Broncos,0,elo-1.0,2026-09-19T23:14:03Z,Boise State Broncos,0.9405,lock,1602.5,1188.1,Boise State Broncos,0.9311,38,24,Boise State Broncos,win,2026-09-20T08:16:02Z
6273,cfb,2026,3,2026-09-20T02:00Z,James Madison Dukes,San Diego State Aztecs,0,elo-1.0,2026-09-19T23:14:03Z,James Madison Dukes,0.6926,lean,1498.1,1704.2,San Diego State Aztecs,0.5427,13,26,James Madison Dukes,win,2026-09-20T08:16:02Z
6274,cfb,2026,3,2026-09-20T02:30Z,Northern Illinois Huskies,Arizona Wildcats,0,elo-1.0,2026-09-18T13:20:43Z,Arizona Wildcats,0.8998,lock,1610.4,1294.2,Arizona Wildcats,0.9539,42,17,Arizona Wildcats,win,2026-09-20T08:16:02Z
6275,cfb,2026,3,2026-09-20T02:30Z,North Dakota State Bison,Sacramento State Hornets,0,elo-1.0,2026-09-19T23:14:03Z,North Dakota State Bison,0.6721,lean,1393.1,1582.7,North Dakota State Bison,0.9491,10,31,North Dakota State Bison,win,2026-09-20T08:16:02Z
6276,cfb,2026,3,2026-09-20T03:00Z,Purdue Boilermakers,UCLA Bruins,0,elo-1.0,2026-09-16T23:12:47Z,UCLA Bruins,0.8116,lock,1560.1,1371.5,UCLA Bruins,0.8316,52,38,UCLA Bruins,win,2026-09-20T08:16:02Z
6277,cfb,2026,3,2026-09-20T03:00Z,Montana Grizzlies,Oregon State Beavers,0,elo-1.0,2026-09-19T23:14:03Z,Oregon State Beavers,0.7042,lean,1293.3,1207.6,Oregon State Beavers,0.8579,52,17,Oregon State Beavers,win,2026-09-20T08:16:02Z
6278,cfb,2026,3,2026-09-20T03:00Z,Fresno State Bulldogs,San José State Spartans,0,elo-1.0,2026-09-19T23:14:03Z,Fresno State Bulldogs,0.6333,lean,1395.6,1555.5,Fresno State Bulldogs,0.6309,10,26,Fresno State Bulldogs,win,2026-09-20T08:16:02Z
6189,nfl,2026,2,2026-09-20T17:00Z,Carolina Panthers,Atlanta Falcons,0,elo-1.0,2026-09-19T13:14:02Z,Atlanta Falcons,0.6516,lean,1444.8,1384.1,Carolina Panthers,0.5830,3,34,Carolina Panthers,loss,2026-09-20T23:17:02Z
6190,nfl,2026,2,2026-09-20T17:00Z,Minnesota Vikings,Chicago Bears,0,elo-1.0,2026-09-20T08:16:02Z,Chicago Bears,0.5237,coin-flip,1551.2,1582.7,Chicago Bears,0.6447,3,9,Minnesota Vikings,loss,2026-09-20T23:17:02Z
6191,nfl,2026,2,2026-09-20T17:00Z,Philadelphia Eagles,Tennessee Titans,0,elo-1.0,2026-09-20T08:16:02Z,Philadelphia Eagles,0.8050,lock,1294.6,1589.0,Philadelphia Eagles,0.7258,20,24,Philadelphia Eagles,win,2026-09-20T23:17:02Z
6192,nfl,2026,2,2026-09-20T17:00Z,Pittsburgh Steelers,New England Patriots,0,elo-1.0,2026-09-20T08:16:02Z,New England Patriots,0.6543,lean,1590.5,1527.7,New England Patriots,0.6690,20,3,New England Patriots,win,2026-09-20T23:17:02Z
6193,nfl,2026,2,2026-09-20T17:00Z,Green Bay Packers,New York Jets,0,elo-1.0,2026-09-20T13:18:43Z,Green Bay Packers,0.6393,lean,1365.8,1513.2,Green Bay Packers,0.6309,17,20,Green Bay Packers,win,2026-09-20T23:17:02Z
6194,nfl,2026,2,2026-09-20T17:00Z,Cleveland Browns,Tampa Bay Buccaneers,0,elo-1.0,2026-09-20T13:18:43Z,Tampa Bay Buccaneers,0.6667,lean,1462.7,1390.3,Tampa Bay Buccaneers,0.7768,19,23,Cleveland Browns,loss,2026-09-20T23:17:02Z
6195,nfl,2026,2,2026-09-20T17:00Z,New Orleans Saints,Baltimore Ravens,0,elo-1.0,2026-09-20T13:18:43Z,Baltimore Ravens,0.7733,lock,1581.5,1416.3,Baltimore Ravens,0.7572,17,24,New Orleans Saints,loss,2026-09-20T23:17:02Z
6196,nfl,2026,2,2026-09-20T17:00Z,Cincinnati Bengals,Houston Texans,0,elo-1.0,2026-09-20T08:16:02Z,Houston Texans,0.7036,lean,1595.7,1493.5,Houston Texans,0.5721,6,20,Cincinnati Bengals,loss,2026-09-20T23:17:02Z
11443,mlb,2026,,2026-09-20T17:10Z,Philadelphia Phillies,New York Mets,0,elo-1.0,2026-09-15T05:45:20Z,Philadelphia Phillies,0.5178,coin-flip,1506.3,1542.7,,,,,,,
11444,mlb,2026,,2026-09-20T17:35Z,Kansas City Royals,Pittsburgh Pirates,0,elo-1.0,2026-09-15T05:45:20Z,Pittsburgh Pirates,0.5012,coin-flip,1485.3,1508.4,,,,,,,
11445,mlb,2026,,2026-09-20T17:40Z,Athletics,Cleveland Guardians,0,elo-1.0,2026-09-15T05:45:20Z,Cleveland Guardians,0.5647,coin-flip,1509.7,1488.5,,,,,,,
11446,mlb,2026,,2026-09-20T17:40Z,Boston Red Sox,Tampa Bay Rays,0,elo-1.0,2026-09-15T05:45:20Z,Boston Red Sox,0.5168,coin-flip,1493.0,1528.7,,,,,,,
11447,mlb,2026,,2026-09-20T17:40Z,Chicago Cubs,Cincinnati Reds,0,elo-1.0,2026-09-15T05:45:20Z,Chicago Cubs,0.5113,coin-flip,1503.1,1534.9,,,,,,,
11448,mlb,2026,,2026-09-20T18:10Z,Atlanta Braves,Houston Astros,0,elo-1.0,2026-09-15T05:45:20Z,Houston Astros,0.5401,coin-flip,1505.0,1501.1,,,,,,,
11449,mlb,2026,,2026-09-20T18:10Z,Detroit Tigers,Chicago White Sox,0,elo-1.0,2026-09-15T05:45:20Z,Detroit Tigers,0.5312,coin-flip,1454.6,1500.3,,,,,,,
11450,mlb,2026,,2026-09-20T18:15Z,Washington Nationals,St. Louis Cardinals,0,elo-1.0,2026-09-15T05:45:20Z,St. Louis Cardinals,0.5903,coin-flip,1479.4,1439.9,,,,,,,
11451,mlb,2026,,2026-09-20T18:35Z,Toronto Blue Jays,Texas Rangers,0,elo-1.0,2026-09-15T05:45:20Z,Toronto Blue Jays,0.5088,coin-flip,1508.9,1539.0,,,,,,,
11452,mlb,2026,,2026-09-20T19:10Z,Seattle Mariners,Colorado Rockies,0,elo-1.0,2026-09-15T05:45:20Z,Seattle Mariners,0.6578,lean,1386.0,1523.5,,,,,,,
6197,nfl,2026,2,2026-09-20T20:05Z,Jacksonville Jaguars,Denver Broncos,0,elo-1.0,2026-09-20T13:18:43Z,Denver Broncos,0.5746,coin-flip,1585.7,1581.5,Denver Broncos,0.5721,20,13,Denver Broncos,win,2026-09-20T23:17:02Z
6198,nfl,2026,2,2026-09-20T20:05Z,Las Vegas Raiders,Los Angeles Chargers,0,elo-1.0,2026-09-20T13:18:43Z,Los Angeles Chargers,0.7392,lean,1489.3,1356.3,Los Angeles Chargers,0.7258,14,26,Las Vegas Raiders,loss,2026-09-20T23:17:02Z
11453,mlb,2026,,2026-09-20T20:07Z,Minnesota Twins,Los Angeles Angels,0,elo-1.0,2026-09-15T05:45:20Z,Los Angeles Angels,0.5163,coin-flip,1447.9,1460.6,,,,,,,
11454,mlb,2026,,2026-09-20T20:10Z,Miami Marlins,San Diego Padres,0,elo-1.0,2026-09-15T05:45:20Z,San Diego Padres,0.5987,coin-flip,1528.0,1482.5,,,,,,,
11455,mlb,2026,,2026-09-20T20:10Z,New York Yankees,Arizona Diamondbacks,0,elo-1.0,2026-09-15T05:45:20Z,New York Yankees,0.5203,coin-flip,1506.6,1544.7,,,,,,,
11456,mlb,2026,,2026-09-20T20:10Z,San Francisco Giants,Los Angeles Dodgers,0,elo-1.0,2026-09-15T05:45:20Z,Los Angeles Dodgers,0.6168,lean,1558.8,1500.1,,,,,,,
6199,nfl,2026,2,2026-09-20T20:25Z,Washington Commanders,Dallas Cowboys,0,elo-1.0,2026-09-20T13:18:43Z,Dallas Cowboys,0.5411,coin-flip,1428.0,1447.4,Dallas Cowboys,0.6575,37,20,Dallas Cowboys,win,2026-09-21T00:51:30Z
6200,nfl,2026,2,2026-09-20T20:25Z,Seattle Seahawks,Arizona Cardinals,0,elo-1.0,2026-09-19T13:14:02Z,Seattle Seahawks,0.7977,lock,1412.4,1698.8,Seattle Seahawks,0.6447,7,31,Seattle Seahawks,win,2026-09-21T00:51:30Z
6201,nfl,2026,2,2026-09-20T20:25Z,Miami Dolphins,San Francisco 49ers,0,elo-1.0,2026-09-19T23:14:03Z,San Francisco 49ers,0.7884,lock,1596.6,1416.1,San Francisco 49ers,0.8677,35,13,San Francisco 49ers,win,2026-09-20T23:17:02Z
11457,mlb,2026,,2026-09-20T23:20Z,Milwaukee Brewers,Baltimore Orioles,0,elo-1.0,2026-09-15T05:45:20Z,Milwaukee Brewers,0.5529,coin-flip,1485.8,1546.7,,,,,,,
6202,nfl,2026,2,2026-09-21T00:20Z,Indianapolis Colts,Kansas City Chiefs,0,elo-1.0,2026-09-20T13:18:43Z,Kansas City Chiefs,0.7109,lean,1540.6,1432.3,Kansas City Chiefs,0.6958,33,30,Kansas City Chiefs,win,2026-09-21T08:21:01Z
11458,mlb,2026,,2026-09-21T22:35Z,Toronto Blue Jays,Baltimore Orioles,0,elo-1.0,2026-09-15T05:45:20Z,Toronto Blue Jays,0.5420,coin-flip,1485.8,1539.0,,,,,,,
11459,mlb,2026,,2026-09-21T22:40Z,Washington Nationals,Detroit Tigers,0,elo-1.0,2026-09-15T05:45:20Z,Detroit Tigers,0.6190,lean,1500.3,1439.9,,,,,,,
6203,nfl,2026,2,2026-09-22T00:15Z,New York Giants,Los Angeles Rams,0,elo-1.0,2026-09-21T23:20:31Z,Los Angeles Rams,0.7683,lock,1586.2,1425.9,Los Angeles Rams,0.7180,28,6,Los Angeles Rams,win,2026-09-22T08:21:31Z
11460,mlb,2026,,2026-09-22T01:45Z,Minnesota Twins,San Francisco Giants,0,elo-1.0,2026-09-15T05:45:20Z,San Francisco Giants,0.5904,coin-flip,1500.1,1460.6,,,,,,,
11461,mlb,2026,,2026-09-22T17:05Z,Tampa Bay Rays,New York Yankees,0,elo-1.0,2026-09-15T08:13:35Z,New York Yankees,0.6073,lean,1544.7,1493.0,,,,,,,
11462,mlb,2026,,2026-09-22T22:35Z,Toronto Blue Jays,Baltimore Orioles,0,elo-1.0,2026-09-15T08:13:35Z,Toronto Blue Jays,0.5420,coin-flip,1485.8,1539.0,,,,,,,
11463,mlb,2026,,2026-09-22T22:40Z,Milwaukee Brewers,Philadelphia Phillies,0,elo-1.0,2026-09-15T08:13:35Z,Philadelphia Phillies,0.5288,coin-flip,1542.7,1546.7,,,,,,,
11464,mlb,2026,,2026-09-22T22:40Z,St. Louis Cardinals,Pittsburgh Pirates,0,elo-1.0,2026-09-15T08:13:35Z,Pittsburgh Pirates,0.5429,coin-flip,1485.3,1479.4,,,,,,,
11465,mlb,2026,,2026-09-22T22:40Z,Washington Nationals,Detroit Tigers,0,elo-1.0,2026-09-15T08:13:35Z,Detroit Tigers,0.6190,lean,1500.3,1439.9,,,,,,,
11466,mlb,2026,,2026-09-22T22:45Z,Cleveland Guardians,Boston Red Sox,0,elo-1.0,2026-09-15T08:13:35Z,Boston Red Sox,0.5615,coin-flip,1528.7,1509.7,,,,,,,
11467,mlb,2026,,2026-09-22T23:05Z,Tampa Bay Rays,New York Yankees,0,elo-1.0,2026-09-15T08:13:35Z,New York Yankees,0.6073,lean,1544.7,1493.0,,,,,,,
11468,mlb,2026,,2026-09-22T23:15Z,Cincinnati Reds,Atlanta Braves,0,elo-1.0,2026-09-15T08:13:35Z,Atlanta Braves,0.5317,coin-flip,1501.1,1503.1,,,,,,,
11469,mlb,2026,,2026-09-22T23:40Z,Chicago White Sox,Kansas City Royals,0,elo-1.0,2026-09-15T08:13:35Z,Kansas City Royals,0.6102,lean,1508.4,1454.6,,,,,,,
11470,mlb,2026,,2026-09-22T23:40Z,Miami Marlins,Chicago Cubs,0,elo-1.0,2026-09-15T08:13:35Z,Chicago Cubs,0.6082,lean,1534.9,1482.5,,,,,,,
11471,mlb,2026,,2026-09-23T00:05Z,New York Mets,Texas Rangers,0,elo-1.0,2026-09-15T08:13:35Z,Texas Rangers,0.5382,coin-flip,1508.9,1506.3,,,,,,,
11472,mlb,2026,,2026-09-23T00:40Z,Arizona Diamondbacks,Colorado Rockies,0,elo-1.0,2026-09-15T08:13:35Z,Arizona Diamondbacks,0.6356,lean,1386.0,1506.6,,,,,,,
11473,mlb,2026,,2026-09-23T01:40Z,Los Angeles Angels,Athletics,0,elo-1.0,2026-09-15T08:13:35Z,Athletics,0.5919,coin-flip,1488.5,1447.9,,,,,,,
11474,mlb,2026,,2026-09-23T01:40Z,Houston Astros,Seattle Mariners,0,elo-1.0,2026-09-15T08:13:35Z,Seattle Mariners,0.5608,coin-flip,1523.5,1505.0,,,,,,,
11475,mlb,2026,,2026-09-23T01:45Z,Minnesota Twins,San Francisco Giants,0,elo-1.0,2026-09-15T08:13:35Z,San Francisco Giants,0.5904,coin-flip,1500.1,1460.6,,,,,,,
11476,mlb,2026,,2026-09-23T02:10Z,San Diego Padres,Los Angeles Dodgers,0,elo-1.0,2026-09-15T08:13:35Z,Los Angeles Dodgers,0.5782,coin-flip,1558.8,1528.0,,,,,,,
6279,cfb,2026,4,2026-09-24T23:30Z,Liberty Flames,Coastal Carolina Chanticleers,0,elo-1.0,2026-09-24T23:20:32Z,Coastal Carolina Chanticleers,0.5204,coin-flip,1398.7,1449.5,Liberty Flames,0.5635,17,34,Liberty Flames,loss,2026-09-25T08:20:31Z
11477,nfl,2026,3,2026-09-25T00:15Z,Atlanta Falcons,Green Bay Packers,0,elo-1.0,2026-09-24T23:20:32Z,Green Bay Packers,0.7282,lean,1522.8,1399.6,Green Bay Packers,0.6750,14,35,Atlanta Falcons,loss,2026-09-25T08:20:31Z
6280,cfb,2026,4,2026-09-25T20:00Z,Army Black Knights,Temple Owls,0,elo-1.0,2026-09-25T08:20:31Z,Army Black Knights,0.6573,lean,1393.1,1571.2,Army Black Knights,0.5934,17,21,Army Black Knights,win,2026-09-26T08:17:32Z
6281,cfb,2026,4,2026-09-25T23:00Z,Howard Bison,Rutgers Scarlet Knights,0,elo-1.0,2026-09-20T08:16:02Z,Rutgers Scarlet Knights,0.8110,lock,1351.2,1163.2,,,58,7,Rutgers Scarlet Knights,win,2026-09-26T08:17:32Z
6282,cfb,2026,4,2026-09-25T23:00Z,Navy Midshipmen,UAB Blazers,0,elo-1.0,2026-09-24T23:20:32Z,Navy Midshipmen,0.6930,lean,1365.5,1572.0,Navy Midshipmen,0.6958,24,20,UAB Blazers,loss,2026-09-26T08:17:32Z
6283,cfb,2026,4,2026-09-26T00:00Z,Northwestern Wildcats,Indiana Hoosiers,0,elo-1.0,2026-09-25T23:16:30Z,Indiana Hoosiers,0.9019,lock,1895.9,1575.5,Indiana Hoosiers,0.9083,29,23,Indiana Hoosiers,win,2026-09-26T08:17:32Z
6284,cfb,2026,4,2026-09-26T02:30Z,Clemson Tigers,California Golden Bears,0,elo-1.0,2026-09-25T23:16:30Z,Clemson Tigers,0.6309,lean,1431.4,1589.5,Clemson Tigers,0.5427,10,24,Clemson Tigers,win,2026-09-26T08:17:32Z
6287,cfb,2026,4,2026-09-26T16:00Z,Illinois Fighting Illini,Ohio State Buckeyes,0,elo-1.0,2026-09-21T08:21:01Z,Ohio State Buckeyes,0.8196,lock,1778.5,1580.6,Ohio State Buckeyes,0.9431,42,19,Ohio State Buckeyes,win,2026-09-26T23:17:25Z
6292,cfb,2026,4,2026-09-26T16:00Z,Sam Houston Bearkats,Texas Tech Red Raiders,0,elo-1.0,2026-09-20T08:16:02Z,Texas Tech Red Raiders,0.9536,lock,1755.6,1295.5,,,49,14,Texas Tech Red Raiders,win,2026-09-26T23:17:25Z
6299,cfb,2026,4,2026-09-26T16:00Z,Wake Forest Demon Deacons,Louisville Cardinals,0,elo-1.0,2026-09-26T13:19:29Z,Louisville Cardinals,0.7372,lean,1667.7,1553.6,Louisville Cardinals,0.8000,27,30,Wake Forest Demon Deacons,loss,2026-09-26T23:17:25Z
6302,cfb,2026,4,2026-09-26T16:00Z,Colorado Buffaloes,Baylor Bears,0,elo-1.0,2026-09-24T23:20:32Z,Baylor Bears,0.7326,lean,1523.4,1413.3,Baylor Bears,0.7600,23,13,Baylor Bears,win,2026-09-26T23:17:25Z
6307,cfb,2026,4,2026-09-26T16:00Z,Virginia Tech Hokies,Boston College Eagles,0,elo-1.0,2026-09-26T13:19:29Z,Virginia Tech Hokies,0.6000,lean,1424.3,1559.8,Virginia Tech Hokies,0.8316,14,21,Virginia Tech Hokies,win,2026-09-26T23:17:25Z
6311,cfb,2026,4,2026-09-26T16:00Z,San Diego State Aztecs,Toledo Rockets,0,elo-1.0,2026-09-26T13:19:29Z,Toledo Rockets,0.6734,lean,1529.8,1469.1,Toledo Rockets,0.5635,41,16,Toledo Rockets,win,2026-09-26T23:17:25Z
6312,cfb,2026,4,2026-09-26T16:00Z,Colorado State Rams,UTSA Roadrunners,0,elo-1.0,2026-09-26T13:19:29Z,UTSA Roadrunners,0.8288,lock,1598.0,1389.0,UTSA Roadrunners,0.8271,59,45,UTSA Roadrunners,win,2026-09-26T23:17:25Z
6321,cfb,2026,4,2026-09-26T16:00Z,UNLV Rebels,Akron Zips,0,elo-1.0,2026-09-26T13:19:29Z,UNLV Rebels,0.6527,lean,1351.9,1526.6,UNLV Rebels,0.8043,10,38,UNLV Rebels,win,2026-09-26T23:17:25Z
6323,cfb,2026,4,2026-09-26T16:00Z,Ball State Cardinals,Kent State Golden Flashes,0,elo-1.0,2026-09-24T23:20:32Z,Kent State Golden Flashes,0.6587,lean,1353.6,1304.3,Kent State Golden Flashes,0.5830,26,13,Kent State Golden Flashes,win,2026-09-26T23:17:25Z
6326,cfb,2026,4,2026-09-26T16:00Z,Texas Longhorns,Tennessee Volunteers,0,elo-1.0,2026-09-25T08:20:31Z,Texas Longhorns,0.5803,coin-flip,1673.5,1794.8,Texas Longhorns,0.6369,17,20,Texas Longhorns,win,2026-09-26T23:17:25Z
6327,cfb,2026,4,2026-09-26T16:00Z,Bucknell Bison,Pittsburgh Panthers,0,elo-1.0,2026-09-18T08:17:02Z,Pittsburgh Panthers,0.9498,lock,1624.5,1178.8,,,59,0,Pittsburgh Panthers,win,2026-09-26T23:17:25Z
6328,cfb,2026,4,2026-09-26T16:45Z,South Alabama Jaguars,Kentucky Wildcats,0,elo-1.0,2026-09-25T13:15:29Z,Kentucky Wildcats,0.6964,lean,1549.9,1470.6,Kentucky Wildcats,0.9040,45,21,Kentucky Wildcats,win,2026-09-26T23:17:25Z
6329,cfb,2026,4,2026-09-26T17:00Z,Lindenwood Lions,Eastern Michigan Eagles,0,elo-1.0,2026-09-25T23:16:30Z,Eastern Michigan Eagles,0.7806,lock,1320.5,1165.0,Eastern Michigan Eagles,0.9258,29,3,Eastern Michigan Eagles,win,2026-09-26T23:17:25Z
6308,cfb,2026,4,2026-09-26T17:30Z,UCLA Bruins,Maryland Terrapins,0,elo-1.0,2026-09-22T02:19:42Z,UCLA Bruins,0.5752,coin-flip,1459.9,1577.5,UCLA Bruins,0.5217,3,54,UCLA Bruins,win,2026-09-26T23:17:25Z
6286,cfb,2026,4,2026-09-26T18:00Z,Notre Dame Fighting Irish,Purdue Boilermakers,0,elo-1.0,2026-09-23T13:19:29Z,Notre Dame Fighting Irish,0.9059,lock,1354.1,1812.6,Notre Dame Fighting Irish,0.9463,10,49,Notre Dame Fighting Irish,win,2026-09-26T23:17:25Z
6320,cfb,2026,4,2026-09-26T18:00Z,Northern Illinois Huskies,Georgia State Panthers,0,elo-1.0,2026-09-24T23:20:32Z,Georgia State Panthers,0.7139,lean,1377.4,1283.6,Georgia State Panthers,0.7659,35,14,Georgia State Panthers,win,2026-09-26T23:17:25Z
6306,cfb,2026,4,2026-09-26T19:00Z,Central Arkansas Bears,Florida State Seminoles,0,elo-1.0,2026-09-20T08:16:02Z,Florida State Seminoles,0.8664,lock,1448.5,1188.7,,,34,7,Florida State Seminoles,win,2026-09-26T23:17:25Z
6330,cfb,2026,4,2026-09-26T19:00Z,Hawai'i Rainbow Warriors,Wyoming Cowboys,0,elo-1.0,2026-09-26T13:19:29Z,Hawai'i Rainbow Warriors,0.6240,lean,1312.4,1465.4,Hawai'i Rainbow Warriors,0.5427,27,10,Wyoming Cowboys,loss,2026-09-26T23:17:25Z
6285,cfb,2026,4,2026-09-26T19:30Z,Oklahoma Sooners,Georgia Bulldogs,0,elo-1.0,2026-09-26T08:17:32Z,Georgia Bulldogs,0.7731,lock,1801.5,1653.5,Georgia Bulldogs,0.8119,41,13,Georgia Bulldogs,win,2026-09-26T23:17:25Z
6289,cfb,2026,4,2026-09-26T19:30Z,Ole Miss Rebels,Florida Gators,0,elo-1.0,2026-09-26T08:17:32Z,Ole Miss Rebels,0.6909,lean,1591.9,1796.6,Florida Gators,0.6038,52,28,Florida Gators,loss,2026-09-27T08:16:25Z
6295,cfb,2026,4,2026-09-26T19:30Z,Utah Utes,Iowa State Cyclones,0,elo-1.0,2026-09-25T23:16:30Z,Utah Utes,0.6298,lean,1589.6,1746.8,Utah Utes,0.7335,17,31,Utah Utes,win,2026-09-26T23:17:25Z
6296,cfb,2026,4,2026-09-26T19:30Z,Iowa Hawkeyes,Michigan Wolverines,0,elo-1.0,2026-09-21T23:20:31Z,Michigan Wolverines,0.5351,coin-flip,1675.3,1715.8,Michigan Wolverines,0.6575,19,20,Iowa Hawkeyes,loss,2026-09-26T23:17:25Z
6304,cfb,2026,4,2026-09-26T19:30Z,TCU Horned Frogs,UCF Knights,0,elo-1.0,2026-09-24T08:19:32Z,TCU Horned Frogs,0.5994,coin-flip,1482.0,1617.0,TCU Horned Frogs,0.5830,21,13,UCF Knights,loss,2026-09-26T23:17:25Z
6313,cfb,2026,4,2026-09-26T19:30Z,Boise State Broncos,Western Michigan Broncos,0,elo-1.0,2026-09-23T23:20:32Z,Western Michigan Broncos,0.6299,lean,1634.9,1607.5,Boise State Broncos,0.7095,7,32,Boise State Broncos,loss,2026-09-26T23:17:25Z
6314,cfb,2026,4,2026-09-26T19:30Z,UConn Huskies,Miami (OH) RedHawks,0,elo-1.0,2026-09-25T23:16:30Z,UConn Huskies,0.5237,coin-flip,1436.4,1517.9,Miami (OH) RedHawks,0.6092,24,21,Miami (OH) RedHawks,loss,2026-09-26T23:17:25Z
6331,cfb,2026,4,2026-09-26T19:30Z,William & Mary Tribe,Duke Blue Devils,0,elo-1.0,2026-09-20T08:16:02Z,Duke Blue Devils,0.9676,lock,1717.0,1192.2,,,62,7,Duke Blue Devils,win,2026-09-26T23:17:25Z
6332,cfb,2026,4,2026-09-26T19:30Z,New Mexico Lobos,New Mexico State Aggies,0,elo-1.0,2026-09-21T23:20:31Z,New Mexico Lobos,0.7456,lean,1320.2,1572.0,New Mexico Lobos,0.7867,18,42,New Mexico Lobos,win,2026-09-26T23:17:25Z
6333,cfb,2026,4,2026-09-26T19:30Z,Robert Morris Colonials,Buffalo Bulls,0,elo-1.0,2026-09-26T13:19:29Z,Buffalo Bulls,0.8297,lock,1365.3,1155.3,Buffalo Bulls,0.9396,31,28,Buffalo Bulls,win,2026-09-26T23:17:25Z
6334,cfb,2026,4,2026-09-26T19:30Z,Stonehill Skyhawks,Ohio Bobcats,0,elo-1.0,2026-09-26T13:19:29Z,Ohio Bobcats,0.9107,lock,1508.4,1170.0,Ohio Bobcats,0.9684,35,7,Ohio Bobcats,win,2026-09-26T23:17:25Z
6335,cfb,2026,4,2026-09-26T19:30Z,Gardner-Webb Runnin' Bulldogs,Marshall Thundering Herd,0,elo-1.0,2026-09-26T13:19:29Z,Marshall Thundering Herd,0.9100,lock,1510.1,1173.3,Marshall Thundering Herd,0.9124,36,35,Marshall Thundering Herd,win,2026-09-26T23:17:25Z
6298,cfb,2026,4,2026-09-26T20:00Z,Houston Cougars,Georgia Southern Eagles,0,elo-1.0,2026-09-25T23:16:30Z,Houston Cougars,0.5970,coin-flip,1453.4,1586.7,Houston Cougars,0.8677,28,42,Houston Cougars,win,2026-09-27T08:16:25Z
6336,cfb,2026,4,2026-09-26T20:00Z,North Carolina Central Eagles,East Carolina Pirates,0,elo-1.0,2026-09-26T13:19:29Z,East Carolina Pirates,0.9235,lock,1552.4,1184.8,East Carolina Pirates,0.9463,42,9,East Carolina Pirates,win,2026-09-27T08:16:25Z
6301,cfb,2026,4,2026-09-26T20:15Z,Vanderbilt Commodores,Auburn Tigers,0,elo-1.0,2026-09-25T23:16:30Z,Vanderbilt Commodores,0.6907,lean,1504.7,1709.3,Auburn Tigers,0.7572,21,15,Auburn Tigers,loss,2026-09-27T08:16:25Z
6293,cfb,2026,4,2026-09-26T21:00Z,Wisconsin Badgers,Penn State Nittany Lions,0,elo-1.0,2026-09-24T23:20:32Z,Penn State Nittany Lions,0.8327,lock,1723.9,1510.1,Penn State Nittany Lions,0.7600,20,24,Wisconsin Badgers,loss,2026-09-27T08:16:25Z
6309,cfb,2026,4,2026-09-26T21:00Z,Nebraska Cornhuskers,Michigan State Spartans,0,elo-1.0,2026-09-25T08:20:31Z,Nebraska Cornhuskers,0.5421,coin-flip,1499.5,1593.8,Nebraska Cornhuskers,0.6636,13,31,Nebraska Cornhuskers,win,2026-09-27T08:16:25Z
6318,cfb,2026,4,2026-09-26T21:00Z,South Florida Bulls,Bowling Green Falcons,0,elo-1.0,2026-09-26T08:17:32Z,South Florida Bulls,0.8623,lock,1264.6,1648.3,South Florida Bulls,0.8762,6,14,South Florida Bulls,win,2026-09-27T08:16:25Z
6300,cfb,2026,4,2026-09-26T22:00Z,Delaware Blue Hens,Virginia Cavaliers,0,elo-1.0,2026-09-21T23:20:31Z,Virginia Cavaliers,0.7195,lean,1590.5,1491.9,Virginia Cavaliers,0.8989,42,3,Virginia Cavaliers,win,2026-09-27T08:16:25Z
6325,cfb,2026,4,2026-09-26T22:00Z,James Madison Dukes,Old Dominion Monarchs,0,elo-1.0,2026-09-21T08:21:01Z,James Madison Dukes,0.6929,lean,1526.8,1733.2,James Madison Dukes,0.6636,20,46,James Madison Dukes,win,2026-09-27T08:16:25Z
6337,cfb,2026,4,2026-09-26T22:00Z,Incarnate Word Cardinals,Texas State Bobcats,0,elo-1.0,2026-09-25T23:16:30Z,Texas State Bobcats,0.9176,lock,1562.2,1208.4,Texas State Bobcats,0.9491,63,10,Texas State Bobcats,win,2026-09-27T08:16:25Z
6338,cfb,2026,4,2026-09-26T22:00Z,Long Island University Sharks,Florida International Panthers,0,elo-1.0,2026-09-25T23:16:30Z,Florida International Panthers,0.8583,lock,1443.7,1195.7,Florida International Panthers,0.9728,20,3,Florida International Panthers,win,2026-09-27T08:16:25Z
6315,cfb,2026,4,2026-09-26T22:30Z,Louisiana Ragin' Cajuns,Charlotte 49ers,0,elo-1.0,2026-09-21T23:20:31Z,Louisiana Ragin' Cajuns,0.7465,lean,1233.0,1485.6,Louisiana Ragin' Cajuns,0.7715,7,34,Louisiana Ragin' Cajuns,win,2026-09-27T08:16:25Z
6339,cfb,2026,4,2026-09-26T22:30Z,Central Michigan Chippewas,Miami Hurricanes,0,elo-1.0,2026-09-19T23:14:03Z,Miami Hurricanes,0.9341,lock,1838.1,1442.6,,,52,3,Miami Hurricanes,win,2026-09-27T08:16:25Z
6303,cfb,2026,4,2026-09-26T23:00Z,Kansas State Wildcats,Cincinnati Bearcats,0,elo-1.0,2026-09-21T08:21:01Z,Kansas State Wildcats,0.5650,coin-flip,1552.3,1662.7,Kansas State Wildcats,0.6750,31,26,Cincinnati Bearcats,loss,2026-09-27T08:16:25Z
6305,cfb,2026,4,2026-09-26T23:00Z,Oklahoma State Cowboys,West Virginia Mountaineers,0,elo-1.0,2026-09-23T08:19:30Z,West Virginia Mountaineers,0.8197,lock,1568.0,1370.0,West Virginia Mountaineers,0.5325,24,41,Oklahoma State Cowboys,loss,2026-09-27T08:16:25Z
6317,cfb,2026,4,2026-09-26T23:00Z,Southern Miss Golden Eagles,Tulane Green Wave,0,elo-1.0,2026-09-25T23:16:30Z,Tulane Green Wave,0.8576,lock,1567.5,1320.7,Tulane Green Wave,0.8800,24,21,Tulane Green Wave,win,2026-09-27T08:16:25Z
6340,cfb,2026,4,2026-09-26T23:00Z,Kennesaw State Owls,Arkansas State Red Wolves,0,elo-1.0,2026-09-23T23:20:32Z,Arkansas State Red Wolves,0.6095,lean,1441.6,1429.3,Arkansas State Red Wolves,0.6750,17,14,Arkansas State Red Wolves,win,2026-09-27T08:16:25Z
6341,cfb,2026,4,2026-09-26T23:00Z,Mercyhurst Lakers,Western Kentucky Hilltoppers,0,elo-1.0,2026-09-20T08:16:02Z,Western Kentucky Hilltoppers,0.8661,lock,1417.9,1158.7,,,52,7,Western Kentucky Hilltoppers,win,2026-09-27T08:16:25Z
6342,cfb,2026,4,2026-09-26T23:00Z,Middle Tennessee Blue Raiders,Jacksonville State Gamecocks,0,elo-1.0,2026-09-22T13:20:32Z,Jacksonville State Gamecocks,0.7367,lean,1496.5,1382.7,Jacksonville State Gamecocks,0.7095,23,13,Jacksonville State Gamecocks,win,2026-09-27T08:16:25Z
6290,cfb,2026,4,2026-09-26T23:10Z,South Carolina Gamecocks,Alabama Crimson Tide,0,elo-1.0,2026-09-25T23:16:30Z,Alabama Crimson Tide,0.8692,lock,1769.6,1505.6,Alabama Crimson Tide,0.8043,49,18,Alabama Crimson Tide,win,2026-09-27T08:16:25Z
6288,cfb,2026,4,2026-09-26T23:30Z,Texas A&M Aggies,LSU Tigers,0,elo-1.0,2026-09-25T23:16:30Z,LSU Tigers,0.5840,coin-flip,1638.5,1644.6,LSU Tigers,0.7441,35,6,LSU Tigers,win,2026-09-27T08:16:25Z
6291,cfb,2026,4,2026-09-26T23:30Z,Oregon Ducks,USC Trojans,0,elo-1.0,2026-09-26T23:17:25Z,USC Trojans,0.5921,coin-flip,1716.4,1716.7,Oregon Ducks,0.6225,27,41,Oregon Ducks,loss,2026-09-27T08:16:25Z
6322,cfb,2026,4,2026-09-26T23:30Z,App State Mountaineers,NC State Wolfpack,0,elo-1.0,2026-09-26T23:17:25Z,NC State Wolfpack,0.6774,lean,1539.4,1475.5,NC State Wolfpack,0.8082,41,31,NC State Wolfpack,win,2026-09-27T08:16:25Z
6343,cfb,2026,4,2026-09-26T23:30Z,Arizona Wildcats,Washington State Cougars,0,elo-1.0,2026-09-25T23:16:30Z,Arizona Wildcats,0.5876,coin-flip,1494.5,1621.0,Arizona Wildcats,0.7715,24,34,Arizona Wildcats,win,2026-09-27T08:16:25Z
6344,cfb,2026,4,2026-09-26T23:30Z,Troy Trojans,Utah State Aggies,0,elo-1.0,2026-09-24T23:20:32Z,Troy Trojans,0.5888,coin-flip,1366.2,1493.6,Utah State Aggies,0.5721,21,10,Utah State Aggies,loss,2026-09-27T08:16:25Z
6345,cfb,2026,4,2026-09-26T23:30Z,Houston Christian Huskies,North Texas Mean Green,0,elo-1.0,2026-09-23T23:20:32Z,North Texas Mean Green,0.9439,lock,1586.2,1160.8,North Texas Mean Green,0.9808,63,14,North Texas Mean Green,win,2026-09-27T08:16:25Z
6297,cfb,2026,4,2026-09-26T23:45Z,Missouri Tigers,Mississippi State Bulldogs,0,elo-1.0,2026-09-26T23:17:25Z,Mississippi State Bulldogs,0.5187,coin-flip,1606.5,1658.5,Mississippi State Bulldogs,0.6092,31,24,Mississippi State Bulldogs,win,2026-09-27T08:16:25Z
6316,cfb,2026,4,2026-09-27T00:00Z,Florida Atlantic Owls,UL Monroe Warhawks,0,elo-1.0,2026-09-25T08:20:31Z,Florida Atlantic Owls,0.7335,lean,1214.0,1454.9,Florida Atlantic Owls,0.7958,17,45,Florida Atlantic Owls,win,2026-09-27T08:16:25Z
6346,cfb,2026,4,2026-09-27T00:00Z,Tulsa Golden Hurricane,Arkansas Razorbacks,0,elo-1.0,2026-09-21T23:20:31Z,Arkansas Razorbacks,0.5665,coin-flip,1409.8,1428.4,Arkansas Razorbacks,0.7002,34,6,Arkansas Razorbacks,win,2026-09-27T08:16:25Z
6294,cfb,2026,4,2026-09-27T01:00Z,Missouri State Bears,SMU Mustangs,0,elo-1.0,2026-09-24T23:20:32Z,SMU Mustangs,0.8684,lock,1650.6,1387.8,SMU Mustangs,0.9626,34,24,SMU Mustangs,win,2026-09-27T08:16:25Z
6324,cfb,2026,4,2026-09-27T01:00Z,Massachusetts Minutemen,Sacramento State Hornets,0,elo-1.0,2026-09-25T08:20:31Z,Sacramento State Hornets,0.6202,lean,1356.6,1336.4,Massachusetts Minutemen,0.6309,6,35,Massachusetts Minutemen,loss,2026-09-27T08:16:25Z
6347,cfb,2026,4,2026-09-27T01:00Z,Oregon State Beavers,UTEP Miners,0,elo-1.0,2026-09-22T02:19:42Z,UTEP Miners,0.5763,coin-flip,1319.4,1331.0,Oregon State Beavers,0.7819,7,33,Oregon State Beavers,loss,2026-09-27T08:16:25Z
6348,cfb,2026,4,2026-09-27T02:00Z,Rice Owls,Fresno State Bulldogs,0,elo-1.0,2026-09-26T23:17:25Z,Fresno State Bulldogs,0.8402,lock,1593.3,1370.1,Fresno State Bulldogs,0.8043,38,24,Fresno State Bulldogs,win,2026-09-27T08:16:25Z
6319,cfb,2026,4,2026-09-27T02:30Z,Air Force Falcons,Nevada Wolf Pack,0,elo-1.0,2026-09-25T23:16:30Z,Air Force Falcons,0.5123,coin-flip,1352.7,1426.3,Air Force Falcons,0.6750,33,36,Air Force Falcons,win,2026-09-27T08:16:25Z
6349,cfb,2026,4,2026-09-27T02:30Z,Georgia Tech Yellow Jackets,Stanford Cardinal,0,elo-1.0,2026-09-26T23:17:25Z,Stanford Cardinal,0.5469,coin-flip,1449.6,1481.9,Georgia Tech Yellow Jackets,0.5830,34,27,Stanford Cardinal,win,2026-09-27T08:16:25Z
6310,cfb,2026,4,2026-09-27T03:00Z,Minnesota Golden Gophers,Washington Huskies,0,elo-1.0,2026-09-26T23:17:25Z,Washington Huskies,0.7797,lock,1683.6,1529.0,Washington Huskies,0.7867,24,27,Minnesota Golden Gophers,loss,2026-09-27T08:16:25Z
11478,nfl,2026,3,2026-09-27T17:00Z,Los Angeles Chargers,Buffalo Bills,0,elo-1.0,2026-09-27T13:18:32Z,Buffalo Bills,0.8153,lock,1661.3,1451.4,Buffalo Bills,0.7335,24,16,Buffalo Bills,win,2026-09-27T23:16:25Z
11479,nfl,2026,3,2026-09-27T17:00Z,Carolina Panthers,Cleveland Browns,0,elo-1.0,2026-09-27T13:18:32Z,Cleveland Browns,0.5439,coin-flip,1411.8,1429.2,Carolina Panthers,0.5635,21,18,Cleveland Browns,win,2026-09-27T23:16:25Z
11480,nfl,2026,3,2026-09-27T17:00Z,New York Jets,Detroit Lions,0,elo-1.0,2026-09-25T23:16:30Z,Detroit Lions,0.8080,lock,1557.9,1356.2,Detroit Lions,0.7221,31,24,Detroit Lions,win,2026-09-27T23:16:25Z
11481,nfl,2026,3,2026-09-27T17:00Z,Houston Texans,Indianapolis Colts,0,elo-1.0,2026-09-24T23:20:32Z,Houston Texans,0.6197,lean,1424.8,1557.6,Houston Texans,0.5325,19,17,Indianapolis Colts,loss,2026-09-27T23:16:25Z
11482,nfl,2026,3,2026-09-27T17:00Z,Kansas City Chiefs,Miami Dolphins,0,elo-1.0,2026-09-27T13:18:32Z,Kansas City Chiefs,0.6348,lean,1404.1,1548.1,Kansas City Chiefs,0.8119,10,24,Kansas City Chiefs,win,2026-09-27T23:16:25Z
11483,nfl,2026,3,2026-09-27T17:00Z,Tennessee Titans,New York Giants,0,elo-1.0,2026-09-27T08:16:25Z,New York Giants,0.7287,lean,1412.7,1289.0,New York Giants,0.5427,12,7,New York Giants,win,2026-09-27T23:16:25Z
11484,nfl,2026,3,2026-09-27T17:00Z,Cincinnati Bengals,Pittsburgh Steelers,0,elo-1.0,2026-09-25T23:16:30Z,Pittsburgh Steelers,0.5359,coin-flip,1508.6,1531.6,Cincinnati Bengals,0.6225,30,27,Pittsburgh Steelers,win,2026-09-27T23:16:25Z
11485,nfl,2026,3,2026-09-27T17:00Z,Seattle Seahawks,Washington Commanders,0,elo-1.0,2026-09-27T08:16:25Z,Seattle Seahawks,0.8005,lock,1421.2,1710.6,Seattle Seahawks,0.7659,33,31,Washington Commanders,loss,2026-09-27T23:16:25Z
11486,nfl,2026,3,2026-09-27T17:00Z,New England Patriots,Jacksonville Jaguars,0,elo-1.0,2026-09-24T08:19:32Z,Jacksonville Jaguars,0.5039,coin-flip,1564.2,1609.5,Jacksonville Jaguars,0.5830,35,6,Jacksonville Jaguars,win,2026-09-27T23:16:25Z
11487,nfl,2026,3,2026-09-27T20:05Z,Arizona Cardinals,San Francisco 49ers,0,elo-1.0,2026-09-27T13:18:32Z,San Francisco 49ers,0.8135,lock,1608.6,1400.7,San Francisco 49ers,0.7659,36,30,San Francisco 49ers,win,2026-09-28T00:15:47Z
11488,nfl,2026,3,2026-09-27T20:05Z,Minnesota Vikings,Tampa Bay Buccaneers,0,elo-1.0,2026-09-27T08:16:25Z,Minnesota Vikings,0.6582,lean,1441.3,1603.1,Minnesota Vikings,0.5108,16,23,Minnesota Vikings,win,2026-09-28T00:15:47Z
11489,nfl,2026,3,2026-09-27T20:25Z,Baltimore Ravens,Dallas Cowboys,1,elo-1.0,2026-09-27T08:16:25Z,Baltimore Ravens,0.6336,lean,1454.2,1549.3,Baltimore Ravens,0.6038,31,34,Baltimore Ravens,win,2026-09-28T00:15:47Z
11490,nfl,2026,3,2026-09-27T20:25Z,Las Vegas Raiders,New Orleans Saints,0,elo-1.0,2026-09-27T08:16:25Z,New Orleans Saints,0.6430,lean,1448.5,1394.3,New Orleans Saints,0.6369,27,35,Las Vegas Raiders,loss,2026-09-28T00:15:47Z
11491,nfl,2026,3,2026-09-28T00:20Z,Los Angeles Rams,Denver Broncos,0,elo-1.0,2026-09-28T00:15:47Z,Denver Broncos,0.5736,coin-flip,1603.0,1599.4,Los Angeles Rams,0.5043,,,,,
11492,nfl,2026,3,2026-09-29T00:15Z,Philadelphia Eagles,Chicago Bears,0,elo-1.0,2026-09-27T23:16:25Z,Philadelphia Eagles,0.5227,coin-flip,1530.8,1594.6,Philadelphia Eagles,0.6447,,,,,
11493,cfb,2026,5,2026-10-02T00:00Z,Western Kentucky Hilltoppers,New Mexico State Aggies,0,elo-1.0,2026-09-27T23:16:25Z,Western Kentucky Hilltoppers,0.6109,lean,1291.5,1434.9,New Mexico State Aggies,0.5217,,,,,
11552,nfl,2026,4,2026-10-02T00:15Z,Pittsburgh Steelers,Cleveland Browns,0,elo-1.0,2026-09-24T23:20:32Z,Pittsburgh Steelers,0.5699,coin-flip,1411.8,1508.6,Pittsburgh Steelers,0.5721,,,,,
11494,cfb,2026,5,2026-10-02T01:00Z,North Texas Mean Green,Tulsa Golden Hurricane,0,elo-1.0,2026-09-27T23:16:25Z,North Texas Mean Green,0.7082,lean,1374.0,1593.1,Tulsa Golden Hurricane,0.5427,,,,,
11495,cfb,2026,5,2026-10-02T23:00Z,Pittsburgh Panthers,Virginia Tech Hokies,0,elo-1.0,2026-09-27T23:16:25Z,Virginia Tech Hokies,0.5353,coin-flip,1590.4,1630.8,Virginia Tech Hokies,0.6225,,,,,
11496,cfb,2026,5,2026-10-02T23:00Z,Liberty Flames,Delaware Blue Hens,0,elo-1.0,2026-09-28T00:15:47Z,Delaware Blue Hens,0.5196,coin-flip,1455.3,1506.6,Liberty Flames,0.6908,,,,,
11497,cfb,2026,5,2026-10-03T00:00Z,Penn State Nittany Lions,Northwestern Wildcats,0,elo-1.0,2026-09-28T00:15:47Z,Penn State Nittany Lions,0.5554,coin-flip,1569.3,1673.0,Penn State Nittany Lions,0.5514,,,,,
11499,cfb,2026,5,2026-10-03T16:00Z,Notre Dame Fighting Irish,North Carolina Tar Heels,0,elo-1.0,2026-09-27T23:16:25Z,Notre Dame Fighting Irish,0.8482,lock,1459.9,1823.8,Notre Dame Fighting Irish,0.9311,,,,,
11502,cfb,2026,5,2026-10-03T16:00Z,Alabama Crimson Tide,Mississippi State Bulldogs,0,elo-1.0,2026-09-27T23:16:25Z,Alabama Crimson Tide,0.6066,lean,1644.3,1784.6,Alabama Crimson Tide,0.6575,,,,,
11508,cfb,2026,5,2026-10-03T16:00Z,Michigan Wolverines,Minnesota Golden Gophers,0,elo-1.0,2026-09-27T23:16:25Z,Michigan Wolverines,0.5375,coin-flip,1570.1,1661.2,Michigan Wolverines,0.6806,,,,,
11510,cfb,2026,5,2026-10-03T16:00Z,Boston College Eagles,SMU Mustangs,0,elo-1.0,2026-09-27T23:16:25Z,SMU Mustangs,0.8713,lock,1661.0,1393.7,SMU Mustangs,0.9083,,,,,
11512,cfb,2026,5,2026-10-03T16:00Z,UCF Knights,Houston Cougars,0,elo-1.0,2026-09-27T23:16:25Z,Houston Cougars,0.7151,lean,1626.9,1532.0,Houston Cougars,0.7867,,,,,
11514,cfb,2026,5,2026-10-03T16:00Z,Middle Tennessee Blue Raiders,Kansas Jayhawks,0,elo-1.0,2026-09-27T23:16:25Z,Kansas Jayhawks,0.6648,lean,1414.5,1360.6,Kansas Jayhawks,0.9197,,,,,
11517,cfb,2026,5,2026-10-03T16:00Z,West Virginia Mountaineers,Iowa State Cyclones,0,elo-1.0,2026-09-27T23:16:25Z,Iowa State Cyclones,0.6912,lean,1553.0,1478.0,Iowa State Cyclones,0.5635,,,,,
11518,cfb,2026,5,2026-10-03T16:00Z,Stanford Cardinal,Wake Forest Demon Deacons,0,elo-1.0,2026-09-28T00:15:47Z,Wake Forest Demon Deacons,0.7297,lean,1592.4,1484.9,Wake Forest Demon Deacons,0.8000,,,,,
11539,cfb,2026,5,2026-10-03T16:00Z,Syracuse Orange,UConn Huskies,0,elo-1.0,2026-09-27T23:16:25Z,UConn Huskies,0.7732,lock,1490.3,1342.2,Syracuse Orange,0.6636,,,,,
11540,cfb,2026,5,2026-10-03T16:00Z,Navy Midshipmen,Air Force Falcons,0,elo-1.0,2026-09-28T00:15:47Z,Navy Midshipmen,0.5182,coin-flip,1451.9,1529.6,Air Force Falcons,0.5721,,,,,
11522,cfb,2026,5,2026-10-03T16:30Z,Michigan State Spartans,Wisconsin Badgers,0,elo-1.0,2026-09-28T00:15:47Z,Wisconsin Badgers,0.7348,lean,1561.0,1449.0,Wisconsin Badgers,0.7659,,,,,
11498,cfb,2026,5,2026-10-03T16:45Z,Vanderbilt Commodores,Georgia Bulldogs,0,elo-1.0,2026-09-27T23:16:25Z,Georgia Bulldogs,0.7944,lock,1828.0,1658.2,Georgia Bulldogs,0.9357,,,,,
11529,cfb,2026,5,2026-10-03T17:00Z,Western Michigan Broncos,Buffalo Bulls,0,elo-1.0,2026-09-28T00:15:47Z,Western Michigan Broncos,0.6644,lean,1373.3,1556.9,Western Michigan Broncos,0.8400,,,,,
11528,cfb,2026,5,2026-10-03T18:00Z,Toledo Rockets,Ball State Cardinals,0,elo-1.0,2026-09-27T23:16:25Z,Toledo Rockets,0.7911,lock,1271.8,1568.1,Toledo Rockets,0.8934,,,,,
11501,cfb,2026,5,2026-10-03T19:30Z,Ohio State Buckeyes,Iowa Hawkeyes,0,elo-1.0,2026-09-28T00:15:47Z,Ohio State Buckeyes,0.5044,coin-flip,1729.9,1798.0,Ohio State Buckeyes,0.8223,,,,,
11506,cfb,2026,5,2026-10-03T19:30Z,Auburn Tigers,Tennessee Volunteers,0,elo-1.0,2026-09-27T23:16:25Z,Tennessee Volunteers,0.7166,lean,1651.9,1555.8,Tennessee Volunteers,0.7258,,,,,
11507,cfb,2026,5,2026-10-03T19:30Z,Louisville Cardinals,NC State Wolfpack,0,elo-1.0,2026-09-27T23:16:25Z,NC State Wolfpack,0.5047,coin-flip,1567.1,1628.9,Louisville Cardinals,0.6636,,,,,
11509,cfb,2026,5,2026-10-03T19:30Z,Florida Gators,Missouri Tigers,0,elo-1.0,2026-09-27T23:16:25Z,Missouri Tigers,0.5134,coin-flip,1620.7,1676.4,Florida Gators,0.6309,,,,,
11519,cfb,2026,5,2026-10-03T19:30Z,Virginia Cavaliers,Florida State Seminoles,0,elo-1.0,2026-09-28T00:15:47Z,Virginia Cavaliers,0.6386,lean,1463.2,1627.1,Virginia Cavaliers,0.5721,,,,,
11523,cfb,2026,5,2026-10-03T19:30Z,Memphis Tigers,Charlotte 49ers,0,elo-1.0,2026-09-28T00:15:47Z,Memphis Tigers,0.8316,lock,1203.4,1545.8,Memphis Tigers,0.8870,,,,,
11527,cfb,2026,5,2026-10-03T19:30Z,Akron Zips,Central Michigan Chippewas,0,elo-1.0,2026-09-27T23:16:25Z,Central Michigan Chippewas,0.7489,lean,1434.5,1309.6,Central Michigan Chippewas,0.6636,,,,,
11530,cfb,2026,5,2026-10-03T19:30Z,Eastern Michigan Eagles,Massachusetts Minutemen,0,elo-1.0,2026-09-28T00:15:47Z,Massachusetts Minutemen,0.6865,lean,1416.6,1345.5,Massachusetts Minutemen,0.6225,,,,,
11531,cfb,2026,5,2026-10-03T19:30Z,Ohio Bobcats,Kent State Golden Flashes,0,elo-1.0,2026-09-27T23:16:25Z,Ohio Bobcats,0.5951,coin-flip,1386.1,1518.0,Ohio Bobcats,0.6447,,,,,
11532,cfb,2026,5,2026-10-03T19:30Z,Bowling Green Falcons,Miami (OH) RedHawks,0,elo-1.0,2026-09-28T00:15:47Z,Miami (OH) RedHawks,0.8292,lock,1464.0,1254.6,Miami (OH) RedHawks,0.8271,,,,,
11536,cfb,2026,5,2026-10-03T19:30Z,Old Dominion Monarchs,Georgia State Panthers,0,elo-1.0,2026-09-27T23:16:25Z,Old Dominion Monarchs,0.5244,coin-flip,1408.7,1490.7,Old Dominion Monarchs,0.5043,,,,,
11541,cfb,2026,5,2026-10-03T19:30Z,California Golden Bears,UNLV Rebels,0,elo-1.0,2026-09-27T23:16:25Z,UNLV Rebels,0.7983,lock,1568.9,1394.9,UNLV Rebels,0.5261,,,,,
11542,cfb,2026,5,2026-10-03T19:30Z,Samford Bulldogs,UAB Blazers,0,elo-1.0,2026-09-26T08:17:32Z,UAB Blazers,0.8422,lock,1407.9,1181.9,,,,,,,
11543,cfb,2026,5,2026-10-03T19:30Z,Wyoming Cowboys,North Dakota State Bison,0,elo-1.0,2026-09-28T00:15:47Z,North Dakota State Bison,0.8514,lock,1619.2,1381.0,North Dakota State Bison,0.8989,,,,,
11537,cfb,2026,5,2026-10-03T19:45Z,Marshall Thundering Herd,James Madison Dukes,0,elo-1.0,2026-09-27T23:16:25Z,James Madison Dukes,0.8647,lock,1769.3,1512.1,James Madison Dukes,0.8721,,,,,
11521,cfb,2026,5,2026-10-03T20:00Z,Maryland Terrapins,Nebraska Cornhuskers,0,elo-1.0,2026-09-28T00:15:47Z,Nebraska Cornhuskers,0.8575,lock,1644.4,1397.6,Nebraska Cornhuskers,0.8223,,,,,
11526,cfb,2026,5,2026-10-03T20:00Z,UTEP Miners,New Mexico Lobos,0,elo-1.0,2026-09-28T00:15:47Z,New Mexico Lobos,0.9175,lock,1600.7,1247.3,New Mexico Lobos,0.9197,,,,,
11513,cfb,2026,5,2026-10-03T20:15Z,Kentucky Wildcats,South Carolina Gamecocks,0,elo-1.0,2026-09-27T23:16:25Z,Kentucky Wildcats,0.5418,coin-flip,1490.6,1584.7,South Carolina Gamecocks,0.5830,,,,,
11520,cfb,2026,5,2026-10-03T20:15Z,Purdue Boilermakers,Illinois Fighting Illini,0,elo-1.0,2026-09-28T00:15:47Z,Illinois Fighting Illini,0.8363,lock,1561.2,1342.9,Illinois Fighting Illini,0.7572,,,,,
11544,cfb,2026,5,2026-10-03T22:00Z,Oregon State Beavers,Colorado State Rams,0,elo-1.0,2026-09-27T23:16:25Z,Colorado State Rams,0.5504,coin-flip,1373.3,1403.2,Oregon State Beavers,0.6309,,,,,
11545,cfb,2026,5,2026-10-03T22:00Z,Texas Southern Tigers,Florida Atlantic Owls,0,elo-1.0,2026-09-27T08:16:25Z,Florida Atlantic Owls,0.9161,lock,1486.5,1136.3,,,,,,,
11503,cfb,2026,5,2026-10-03T23:00Z,BYU Cougars,TCU Horned Frogs,0,elo-1.0,2026-09-28T00:15:47Z,BYU Cougars,0.6514,lean,1566.9,1740.5,BYU Cougars,0.6750,,,,,
11511,cfb,2026,5,2026-10-03T23:00Z,Arkansas Razorbacks,Texas A&M Aggies,0,elo-1.0,2026-09-28T00:15:47Z,Texas A&M Aggies,0.7524,lock,1592.2,1464.2,Texas A&M Aggies,0.8371,,,,,
11524,cfb,2026,5,2026-10-03T23:00Z,UTSA Roadrunners,Rice Owls,0,elo-1.0,2026-09-28T00:15:47Z,UTSA Roadrunners,0.7524,lock,1355.5,1613.6,UTSA Roadrunners,0.7715,,,,,
11535,cfb,2026,5,2026-10-03T23:00Z,Georgia Southern Eagles,Coastal Carolina Chanticleers,0,elo-1.0,2026-09-27T23:16:25Z,Georgia Southern Eagles,0.5096,coin-flip,1341.5,1413.2,Georgia Southern Eagles,0.5261,,,,,
11538,cfb,2026,5,2026-10-03T23:00Z,UL Monroe Warhawks,South Alabama Jaguars,0,elo-1.0,2026-09-28T00:15:47Z,South Alabama Jaguars,0.8621,lock,1435.8,1182.4,South Alabama Jaguars,0.8371,,,,,
11500,cfb,2026,5,2026-10-03T23:30Z,Miami Hurricanes,Clemson Tigers,0,elo-1.0,2026-09-28T00:15:47Z,Miami Hurricanes,0.7096,lean,1625.9,1846.2,Miami Hurricanes,0.8630,,,,,
11504,cfb,2026,5,2026-10-03T23:30Z,Texas Tech Red Raiders,Colorado Buffaloes,0,elo-1.0,2026-09-28T00:15:47Z,Texas Tech Red Raiders,0.8527,lock,1390.7,1760.7,Texas Tech Red Raiders,0.8119,,,,,
11505,cfb,2026,5,2026-10-03T23:30Z,Washington Huskies,USC Trojans,0,elo-1.0,2026-09-27T23:16:25Z,USC Trojans,0.6104,lean,1655.5,1642.5,USC Trojans,0.7409,,,,,
11525,cfb,2026,5,2026-10-03T23:30Z,Temple Owls,South Florida Bulls,0,elo-1.0,2026-09-27T23:16:25Z,South Florida Bulls,0.8825,lock,1658.4,1373.1,South Florida Bulls,0.6575,,,,,
11533,cfb,2026,5,2026-10-03T23:30Z,Army Black Knights,Louisiana Tech Bulldogs,0,elo-1.0,2026-09-28T00:15:47Z,Army Black Knights,0.6102,lean,1448.3,1591.1,Army Black Knights,0.6038,,,,,
11546,cfb,2026,5,2026-10-03T23:30Z,Utah State Aggies,Boise State Broncos,0,elo-1.0,2026-09-27T23:16:25Z,Boise State Broncos,0.8690,lock,1685.5,1421.8,Boise State Broncos,0.9124,,,,,
11547,cfb,2026,5,2026-10-03T23:45Z,McNeese Cowboys,LSU Tigers,0,elo-1.0,2026-09-27T08:16:25Z,LSU Tigers,0.9668,lock,1690.8,1170.0,,,,,,,
11534,cfb,2026,5,2026-10-04T00:00Z,Arkansas State Red Wolves,Louisiana Ragin' Cajuns,0,elo-1.0,2026-09-27T23:16:25Z,Louisiana Ragin' Cajuns,0.6645,lean,1515.2,1461.5,Louisiana Ragin' Cajuns,0.6575,,,,,
11548,cfb,2026,5,2026-10-04T00:00Z,Indiana Hoosiers,Rutgers Scarlet Knights,0,elo-1.0,2026-09-27T23:16:25Z,Indiana Hoosiers,0.9340,lock,1376.6,1902.1,Indiana Hoosiers,0.9258,,,,,
11549,cfb,2026,5,2026-10-04T01:30Z,Fresno State Bulldogs,Washington State Cougars,0,elo-1.0,2026-09-27T23:16:25Z,Fresno State Bulldogs,0.6198,lean,1457.9,1607.9,Washington State Cougars,0.5000,,,,,
11515,cfb,2026,5,2026-10-04T02:30Z,Baylor Bears,Arizona State Sun Devils,0,elo-1.0,2026-09-27T23:16:25Z,Arizona State Sun Devils,0.6279,lean,1571.9,1546.0,Arizona State Sun Devils,0.6164,,,,,
11550,cfb,2026,5,2026-10-04T02:30Z,Texas State Bobcats,San Diego State Aztecs,0,elo-1.0,2026-09-28T00:15:47Z,Texas State Bobcats,0.6088,lean,1430.9,1572.7,Texas State Bobcats,0.6225,,,,,
11516,cfb,2026,5,2026-10-04T03:00Z,Cincinnati Bearcats,Arizona Wildcats,0,elo-1.0,2026-09-27T23:16:25Z,Arizona Wildcats,0.6811,lean,1657.5,1590.7,Arizona Wildcats,0.7136,,,,,
11551,cfb,2026,5,2026-10-04T03:59Z,San José State Spartans,Hawai'i Rainbow Warriors,0,elo-1.0,2026-09-27T23:16:25Z,Hawai'i Rainbow Warriors,0.6456,lean,1396.9,1357.7,Hawai'i Rainbow Warriors,0.5830,,,,,
11553,nfl,2026,4,2026-10-04T13:30Z,Indianapolis Colts,Washington Commanders,1,elo-1.0,2026-09-27T23:16:25Z,Washington Commanders,0.5005,coin-flip,1438.8,1438.4,Indianapolis Colts,0.6309,,,,,
11554,nfl,2026,4,2026-10-04T17:00Z,New England Patriots,Buffalo Bills,0,elo-1.0,2026-09-28T00:15:47Z,Buffalo Bills,0.6922,lean,1668.6,1575.8,Buffalo Bills,0.7221,,,,,
11555,nfl,2026,4,2026-10-04T17:00Z,New York Jets,Chicago Bears,0,elo-1.0,2026-09-27T23:16:25Z,Chicago Bears,0.7896,lock,1530.8,1349.1,Chicago Bears,0.5721,,,,,
11556,nfl,2026,4,2026-10-04T17:00Z,Jacksonville Jaguars,Cincinnati Bengals,0,elo-1.0,2026-09-27T23:16:25Z,Jacksonville Jaguars,0.5445,coin-flip,1518.9,1597.9,Cincinnati Bengals,0.5514,,,,,
11557,nfl,2026,4,2026-10-04T17:00Z,Arizona Cardinals,New York Giants,0,elo-1.0,2026-09-28T00:15:47Z,New York Giants,0.6069,lean,1421.7,1394.2,New York Giants,0.5514,,,,,
11558,nfl,2026,4,2026-10-04T17:00Z,Los Angeles Rams,Philadelphia Eagles,0,elo-1.0,2026-09-24T23:20:32Z,Philadelphia Eagles,0.5618,coin-flip,1594.6,1599.4,Los Angeles Rams,0.5514,,,,,
11559,nfl,2026,4,2026-10-04T17:00Z,Green Bay Packers,Tampa Bay Buccaneers,0,elo-1.0,2026-09-28T00:15:47Z,Green Bay Packers,0.5029,coin-flip,1427.8,1477.8,Tampa Bay Buccaneers,0.5427,,,,,
11560,nfl,2026,4,2026-10-04T17:00Z,Tennessee Titans,Baltimore Ravens,0,elo-1.0,2026-09-28T00:15:47Z,Baltimore Ravens,0.8679,lock,1559.1,1280.0,Baltimore Ravens,0.8465,,,,,
11561,nfl,2026,4,2026-10-04T17:00Z,Dallas Cowboys,Houston Texans,0,elo-1.0,2026-09-28T00:15:47Z,Houston Texans,0.7004,lean,1544.0,1444.5,Houston Texans,0.5514,,,,,
11562,nfl,2026,4,2026-10-04T20:05Z,Miami Dolphins,Minnesota Vikings,0,elo-1.0,2026-09-28T00:15:47Z,Minnesota Vikings,0.8333,lock,1616.6,1385.1,Minnesota Vikings,0.8400,,,,,
11563,nfl,2026,4,2026-10-04T20:25Z,Kansas City Chiefs,Las Vegas Raiders,0,elo-1.0,2026-09-28T00:15:47Z,Kansas City Chiefs,0.6354,lean,1422.5,1567.0,Kansas City Chiefs,0.6854,,,,,
11564,nfl,2026,4,2026-10-04T20:25Z,Denver Broncos,San Francisco 49ers,0,elo-1.0,2026-09-28T00:15:47Z,San Francisco 49ers,0.5857,coin-flip,1615.1,1603.0,San Francisco 49ers,0.6038,,,,,
11565,nfl,2026,4,2026-10-04T20:25Z,Los Angeles Chargers,Seattle Seahawks,0,elo-1.0,2026-09-27T23:16:25Z,Seattle Seahawks,0.8467,lock,1693.0,1444.2,Seattle Seahawks,0.7180,,,,,
11566,nfl,2026,4,2026-10-05T00:20Z,Detroit Lions,Carolina Panthers,0,elo-1.0,2026-09-27T23:16:25Z,Detroit Lions,0.6405,lean,1416.7,1565.1,Detroit Lions,0.5830,,,,,
11567,nfl,2026,4,2026-10-06T00:15Z,Atlanta Falcons,New Orleans Saints,0,elo-1.0,2026-09-28T00:15:47Z,New Orleans Saints,0.5339,coin-flip,1420.2,1444.7,New Orleans Saints,0.5721,,,,,
