league,team,tier,rating,games_rated,computed_at_utc
cfb,Indiana Hoosiers,major,1902.1,69,2026-09-26T08:17:32Z
cfb,Miami Hurricanes,major,1846.2,70,2026-09-27T08:16:25Z
cfb,Georgia Bulldogs,major,1828.0,76,2026-09-26T23:17:25Z
cfb,Notre Dame Fighting Irish,major,1823.8,71,2026-09-26T23:17:25Z
cfb,Texas Longhorns,major,1816.3,72,2026-09-26T23:17:25Z
cfb,Ohio State Buckeyes,major,1798.0,73,2026-09-26T23:17:25Z
cfb,Alabama Crimson Tide,major,1784.6,74,2026-09-27T08:16:25Z
cfb,Utah Utes,major,1783.4,70,2026-09-26T23:17:25Z
cfb,Oregon Ducks,major,1777.7,74,2026-09-27T08:16:25Z
cfb,James Madison Dukes,major,1769.3,55,2026-09-27T08:16:25Z
cfb,Texas Tech Red Raiders,major,1760.7,70,2026-09-26T23:17:25Z
cfb,BYU Cougars,major,1740.5,68,2026-09-20T08:16:02Z
cfb,Iowa Hawkeyes,major,1729.9,71,2026-09-26T23:17:25Z
cfb,Duke Blue Devils,major,1720.9,69,2026-09-26T23:17:25Z
cfb,Ole Miss Rebels,major,1712.1,71,2026-09-27T08:16:25Z
cfb,LSU Tigers,major,1690.8,70,2026-09-27T08:16:25Z
cfb,Boise State Broncos,major,1685.5,72,2026-09-26T23:17:25Z
cfb,Florida Gators,major,1676.4,67,2026-09-27T08:16:25Z
cfb,Penn State Nittany Lions,major,1673.0,72,2026-09-27T08:16:25Z
cfb,Michigan Wolverines,major,1661.2,73,2026-09-26T23:17:25Z
cfb,SMU Mustangs,major,1661.0,70,2026-09-27T08:16:25Z
cfb,South Florida Bulls,major,1658.4,67,2026-09-27T08:16:25Z
cfb,Vanderbilt Commodores,major,1658.2,66,2026-09-27T08:16:25Z
cfb,Arizona Wildcats,major,1657.5,66,2026-09-27T08:16:25Z
cfb,USC Trojans,major,1655.5,70,2026-09-27T08:16:25Z
cfb,Tennessee Volunteers,major,1651.9,69,2026-09-26T23:17:25Z
cfb,Nebraska Cornhuskers,major,1644.4,66,2026-09-27T08:16:25Z
cfb,Mississippi State Bulldogs,major,1644.3,67,2026-09-27T08:16:25Z
cfb,Washington Huskies,major,1642.5,70,2026-09-27T08:16:25Z
cfb,UCLA Bruins,major,1639.8,66,2026-09-26T23:17:25Z
cfb,Pittsburgh Panthers,major,1630.8,69,2026-09-26T23:17:25Z
cfb,Louisville Cardinals,major,1628.9,70,2026-09-26T23:17:25Z
cfb,Virginia Cavaliers,major,1627.1,64,2026-09-27T08:16:25Z
cfb,Oklahoma Sooners,major,1627.1,69,2026-09-26T23:17:25Z
cfb,Houston Cougars,major,1626.9,68,2026-09-27T08:16:25Z
cfb,Clemson Tigers,major,1625.9,71,2026-09-26T08:17:32Z
cfb,Kansas State Wildcats,major,1624.2,69,2026-09-27T08:16:25Z
cfb,Missouri Tigers,major,1620.7,69,2026-09-27T08:16:25Z
cfb,North Dakota State Bison,major,1619.2,6,2026-09-20T08:16:02Z
cfb,UTSA Roadrunners,major,1613.6,71,2026-09-26T23:17:25Z
cfb,Fresno State Bulldogs,major,1607.9,70,2026-09-27T08:16:25Z
cfb,New Mexico Lobos,major,1600.7,65,2026-09-26T23:17:25Z
cfb,North Texas Mean Green,major,1593.1,70,2026-09-27T08:16:25Z
cfb,Wake Forest Demon Deacons,major,1592.4,68,2026-09-26T23:17:25Z
cfb,Texas A&M Aggies,major,1592.2,67,2026-09-27T08:16:25Z
cfb,Army Black Knights,major,1591.1,65,2026-09-26T08:17:32Z
cfb,Cincinnati Bearcats,major,1590.7,68,2026-09-27T08:16:25Z
cfb,Virginia Tech Hokies,major,1590.4,66,2026-09-26T23:17:25Z
cfb,Kentucky Wildcats,major,1584.7,67,2026-09-26T23:17:25Z
cfb,Tulane Green Wave,major,1574.1,72,2026-09-27T08:16:25Z
cfb,Texas State Bobcats,major,1572.7,67,2026-09-27T08:16:25Z
cfb,Arizona State Sun Devils,major,1571.9,67,2026-09-19T23:14:03Z
cfb,Minnesota Golden Gophers,major,1570.1,69,2026-09-27T08:16:25Z
cfb,Northwestern Wildcats,major,1569.3,65,2026-09-26T08:17:32Z
cfb,UNLV Rebels,major,1568.9,70,2026-09-26T23:17:25Z
cfb,Toledo Rockets,major,1568.1,71,2026-09-26T23:17:25Z
cfb,NC State Wolfpack,major,1567.1,68,2026-09-27T08:16:25Z
cfb,TCU Horned Frogs,major,1566.9,69,2026-09-26T23:17:25Z
cfb,Illinois Fighting Illini,major,1561.2,67,2026-09-26T23:17:25Z
cfb,Wisconsin Badgers,major,1561.0,67,2026-09-27T08:16:25Z
cfb,East Carolina Pirates,major,1561.0,67,2026-09-27T08:16:25Z
cfb,Western Michigan Broncos,major,1556.9,68,2026-09-26T23:17:25Z
cfb,Auburn Tigers,major,1555.8,66,2026-09-27T08:16:25Z
cfb,Iowa State Cyclones,major,1553.0,68,2026-09-26T23:17:25Z
cfb,Baylor Bears,major,1546.0,68,2026-09-26T23:17:25Z
cfb,Memphis Tigers,major,1545.8,68,2026-09-20T08:16:02Z
cfb,UCF Knights,major,1532.0,68,2026-09-26T23:17:25Z
cfb,Navy Midshipmen,major,1529.6,63,2026-09-26T08:17:32Z
cfb,Jacksonville State Gamecocks,major,1518.7,49,2026-09-27T08:16:25Z
cfb,Ohio Bobcats,major,1518.0,70,2026-09-26T23:17:25Z
cfb,Louisiana Ragin' Cajuns,major,1515.2,71,2026-09-27T08:16:25Z
cfb,Marshall Thundering Herd,major,1512.1,68,2026-09-26T23:17:25Z
cfb,Liberty Flames,major,1506.6,68,2026-09-25T08:20:31Z
cfb,Old Dominion Monarchs,major,1490.7,67,2026-09-27T08:16:25Z
cfb,South Carolina Gamecocks,major,1490.6,67,2026-09-27T08:16:25Z
cfb,UConn Huskies,major,1490.3,67,2026-09-26T23:17:25Z
cfb,Florida Atlantic Owls,major,1486.5,64,2026-09-27T08:16:25Z
cfb,Stanford Cardinal,major,1484.9,64,2026-09-27T08:16:25Z
cfb,West Virginia Mountaineers,major,1478.0,67,2026-09-27T08:16:25Z
cfb,Arkansas Razorbacks,major,1464.2,67,2026-09-27T08:16:25Z
cfb,Miami (OH) RedHawks,major,1464.0,72,2026-09-26T23:17:25Z
cfb,Florida State Seminoles,major,1463.2,67,2026-09-26T23:17:25Z
cfb,Arkansas State Red Wolves,major,1461.5,67,2026-09-27T08:16:25Z
cfb,Oklahoma State Cowboys,major,1460.1,69,2026-09-27T08:16:25Z
cfb,North Carolina Tar Heels,major,1459.9,68,2026-09-19T23:14:03Z
cfb,Washington State Cougars,major,1457.9,68,2026-09-27T08:16:25Z
cfb,Florida International Panthers,major,1457.3,65,2026-09-27T08:16:25Z
cfb,Delaware Blue Hens,major,1455.3,20,2026-09-27T08:16:25Z
cfb,Air Force Falcons,major,1451.9,66,2026-09-27T08:16:25Z
cfb,Michigan State Spartans,major,1449.0,65,2026-09-27T08:16:25Z
cfb,Louisiana Tech Bulldogs,major,1448.3,65,2026-09-20T08:16:02Z
cfb,App State Mountaineers,major,1447.7,68,2026-09-27T08:16:25Z
cfb,Georgia Tech Yellow Jackets,major,1446.6,67,2026-09-27T08:16:25Z
cfb,Troy Trojans,major,1438.0,70,2026-09-27T08:16:25Z
cfb,South Alabama Jaguars,major,1435.8,67,2026-09-26T23:17:25Z
cfb,Western Kentucky Hilltoppers,major,1434.9,72,2026-09-27T08:16:25Z
cfb,Central Michigan Chippewas,major,1434.5,66,2026-09-27T08:16:25Z
cfb,San Diego State Aztecs,major,1430.9,68,2026-09-26T23:17:25Z
cfb,Utah State Aggies,major,1421.8,69,2026-09-27T08:16:25Z
cfb,Massachusetts Minutemen,major,1416.6,64,2026-09-27T08:16:25Z
cfb,Kansas Jayhawks,major,1414.5,65,2026-09-19T23:14:03Z
cfb,Georgia Southern Eagles,major,1413.2,68,2026-09-27T08:16:25Z
cfb,Kennesaw State Owls,major,1409.4,33,2026-09-27T08:16:25Z
cfb,Georgia State Panthers,major,1408.7,66,2026-09-26T23:17:25Z
cfb,UAB Blazers,major,1407.9,66,2026-09-26T08:17:32Z
cfb,Oregon State Beavers,major,1403.2,67,2026-09-27T08:16:25Z
cfb,Maryland Terrapins,major,1397.6,67,2026-09-26T23:17:25Z
cfb,Hawai'i Rainbow Warriors,major,1396.9,68,2026-09-26T23:17:25Z
cfb,California Golden Bears,major,1394.9,67,2026-09-26T08:17:32Z
cfb,Boston College Eagles,major,1393.7,66,2026-09-26T23:17:25Z
cfb,Colorado Buffaloes,major,1390.7,65,2026-09-26T23:17:25Z
cfb,Kent State Golden Flashes,major,1386.1,66,2026-09-26T23:17:25Z
cfb,Wyoming Cowboys,major,1381.0,67,2026-09-26T23:17:25Z
cfb,Missouri State Bears,major,1377.4,21,2026-09-27T08:16:25Z
cfb,Rutgers Scarlet Knights,major,1376.6,67,2026-09-26T08:17:32Z
cfb,Tulsa Golden Hurricane,major,1374.0,65,2026-09-27T08:16:25Z
cfb,Colorado State Rams,major,1373.3,65,2026-09-26T23:17:25Z
cfb,Buffalo Bulls,major,1373.3,66,2026-09-26T23:17:25Z
cfb,Temple Owls,major,1373.1,64,2026-09-26T08:17:32Z
cfb,Middle Tennessee Blue Raiders,major,1360.6,66,2026-09-27T08:16:25Z
cfb,San José State Spartans,major,1357.7,66,2026-09-20T08:16:02Z
cfb,Rice Owls,major,1355.5,67,2026-09-27T08:16:25Z
cfb,Eastern Michigan Eagles,major,1345.5,68,2026-09-26T23:17:25Z
cfb,Purdue Boilermakers,major,1342.9,67,2026-09-26T23:17:25Z
cfb,Syracuse Orange,major,1342.2,66,2026-09-18T08:17:02Z
cfb,Coastal Carolina Chanticleers,major,1341.5,69,2026-09-25T08:20:31Z
cfb,Nevada Wolf Pack,major,1327.1,66,2026-09-27T08:16:25Z
cfb,Southern Miss Golden Eagles,major,1314.1,66,2026-09-27T08:16:25Z
cfb,Akron Zips,major,1309.6,64,2026-09-26T23:17:25Z
cfb,Montana State Bobcats,other,1302.2,5,2026-09-13T08:10:32Z
cfb,New Mexico State Aggies,major,1291.5,68,2026-09-26T23:17:25Z
cfb,Sam Houston Bearkats,major,1290.4,42,2026-09-26T23:17:25Z
cfb,Tarleton State Texans,other,1278.8,5,2026-09-09T01:24:10Z
cfb,Sacramento State Hornets,major,1276.4,11,2026-09-27T08:16:25Z
cfb,Ball State Cardinals,major,1271.8,65,2026-09-26T23:17:25Z
cfb,Idaho State Bengals,other,1260.8,10,2026-09-09T01:24:10Z
cfb,Bowling Green Falcons,major,1254.6,67,2026-09-27T08:16:25Z
cfb,Northern Illinois Huskies,major,1252.2,68,2026-09-26T23:17:25Z
cfb,UTEP Miners,major,1247.3,65,2026-09-27T08:16:25Z
cfb,Austin Peay Governors,other,1241.0,8,2026-09-09T01:24:10Z
cfb,Illinois State Redbirds,other,1235.3,5,2026-09-13T08:10:32Z
cfb,Idaho Vandals,other,1220.9,11,2026-09-09T01:24:10Z
cfb,The Citadel Bulldogs,other,1219.6,6,2026-09-09T01:24:10Z
cfb,Charlotte 49ers,major,1203.4,64,2026-09-27T08:16:25Z
cfb,South Dakota State Jackrabbits,other,1198.5,4,2026-09-09T01:24:10Z
cfb,Incarnate Word Cardinals,other,1197.9,5,2026-09-27T08:16:25Z
cfb,Yale Bulldogs,other,1197.1,1,2026-09-09T01:24:10Z
cfb,Valparaiso Beacons,other,1196.6,1,2026-09-09T01:24:10Z
cfb,Lehigh Mountain Hawks,other,1195.5,1,2026-09-09T01:24:10Z
cfb,Tennessee State Tigers,other,1192.9,4,2026-09-09T01:24:10Z
cfb,UT Rio Grande Valley Vaqueros,other,1192.3,1,2026-09-09T01:24:10Z
cfb,Southern Illinois Salukis,other,1191.5,6,2026-09-19T23:14:03Z
cfb,SE Louisiana Lions,other,1190.8,11,2026-09-20T08:16:02Z
cfb,Monmouth Hawks,other,1189.2,5,2026-09-13T08:10:32Z
cfb,Chattanooga Mocs,other,1189.2,6,2026-09-09T01:24:10Z
cfb,William & Mary Tribe,other,1188.3,6,2026-09-26T23:17:25Z
cfb,Elon Phoenix,other,1187.7,5,2026-09-09T01:24:10Z
cfb,Northern Arizona Lumberjacks,other,1187.5,6,2026-09-09T01:24:10Z
cfb,UC Davis Aggies,other,1187.5,6,2026-09-12T23:19:32Z
cfb,Holy Cross Crusaders,other,1184.4,7,2026-09-12T23:19:32Z
cfb,Villanova Wildcats,other,1184.4,6,2026-09-12T08:16:33Z
cfb,East Tennessee State Buccaneers,other,1184.2,6,2026-09-12T23:19:32Z
cfb,Utah Tech Trailblazers,other,1183.5,4,2026-09-09T01:24:10Z
cfb,South Dakota Coyotes,other,1183.0,6,2026-09-20T08:16:02Z
cfb,Weber State Wildcats,other,1182.9,7,2026-09-12T23:19:32Z
cfb,UL Monroe Warhawks,major,1182.4,64,2026-09-27T08:16:25Z
cfb,North Dakota Fighting Hawks,other,1182.1,6,2026-09-20T08:16:02Z
cfb,Long Island University Sharks,other,1182.1,12,2026-09-27T08:16:25Z
cfb,Samford Bulldogs,other,1181.9,6,2026-09-09T01:24:10Z
cfb,Saint Francis Red Flash,other,1181.9,7,2026-09-09T01:24:10Z
cfb,Bryant Bulldogs,other,1181.1,6,2026-09-09T01:24:10Z
cfb,Furman Paladins,other,1181.1,6,2026-09-09T01:24:10Z
cfb,Southern Utah Thunderbirds,other,1180.9,8,2026-09-13T08:10:32Z
cfb,Alabama A&M Bulldogs,other,1180.0,5,2026-09-09T01:24:10Z
cfb,Southern Jaguars,other,1180.0,4,2026-09-13T08:10:32Z
cfb,Southeast Missouri State Redhawks,other,1179.8,6,2026-09-09T01:24:10Z
cfb,Stephen F. Austin Lumberjacks,other,1178.5,5,2026-09-09T01:24:10Z
cfb,Alabama State Hornets,other,1178.3,4,2026-09-13T08:10:32Z
cfb,Mississippi Valley State Delta Devils,other,1177.4,1,2026-09-09T01:24:10Z
cfb,North Carolina Central Eagles,other,1176.2,5,2026-09-27T08:16:25Z
cfb,Grambling Tigers,other,1174.9,7,2026-09-13T08:10:32Z
cfb,Central Arkansas Bears,other,1174.0,6,2026-09-26T23:17:25Z
cfb,UAlbany Great Danes,other,1173.9,7,2026-09-09T01:24:10Z
cfb,Youngstown State Penguins,other,1173.6,6,2026-09-09T01:24:10Z
cfb,North Alabama Lions,other,1173.4,5,2026-09-09T01:24:10Z
cfb,Delaware State Hornets,other,1173.4,5,2026-09-20T08:16:02Z
cfb,Eastern Washington Eagles,other,1173.0,7,2026-09-20T08:16:02Z
cfb,Eastern Illinois Panthers,other,1172.6,7,2026-09-09T01:24:10Z
cfb,Bucknell Bison,other,1172.5,6,2026-09-26T23:17:25Z
cfb,Hampton Pirates,other,1172.5,2,2026-09-09T01:24:10Z
cfb,Tennessee Tech Golden Eagles,other,1172.0,6,2026-09-09T01:24:10Z
cfb,West Georgia Wolves,other,1171.6,2,2026-09-13T08:10:32Z
cfb,Gardner-Webb Runnin' Bulldogs,other,1171.3,13,2026-09-26T23:17:25Z
cfb,Mercer Bears,other,1170.7,6,2026-09-19T23:14:03Z
cfb,McNeese Cowboys,other,1170.0,6,2026-09-09T01:24:10Z
cfb,Montana Grizzlies,other,1169.9,2,2026-09-20T08:16:02Z
cfb,Western Carolina Catamounts,other,1169.1,6,2026-09-13T08:10:32Z
cfb,Arkansas-Pine Bluff Golden Lions,other,1168.8,6,2026-09-09T01:24:10Z
cfb,Northern Iowa Panthers,other,1168.8,7,2026-09-20T08:16:02Z
cfb,South Carolina State Bulldogs,other,1168.7,9,2026-09-09T01:24:10Z
cfb,Richmond Spiders,other,1166.7,6,2026-09-12T08:16:33Z
cfb,Towson Tigers,other,1165.9,7,2026-09-13T08:10:32Z
cfb,Morgan State Bears,other,1165.9,7,2026-09-09T01:24:10Z
cfb,Campbell Fighting Camels,other,1165.6,7,2026-09-13T08:10:32Z
cfb,Colgate Raiders,other,1165.3,7,2026-09-12T23:19:32Z
cfb,Eastern Kentucky Colonels,other,1165.1,10,2026-09-09T01:24:10Z
cfb,Florida A&M Rattlers,other,1164.9,8,2026-09-11T08:18:32Z
cfb,Northern Colorado Bears,other,1164.6,6,2026-09-13T08:10:32Z
cfb,Norfolk State Spartans,other,1164.3,9,2026-09-12T08:16:33Z
cfb,Fordham Rams,other,1164.1,8,2026-09-13T08:10:32Z
cfb,Rhode Island Rams,other,1163.4,6,2026-09-09T01:24:10Z
cfb,Prairie View A&M Panthers,other,1162.8,5,2026-09-13T08:10:32Z
cfb,Lamar Cardinals,other,1162.4,7,2026-09-09T01:24:10Z
cfb,Cal Poly Mustangs,other,1161.2,6,2026-09-13T08:10:32Z
cfb,Charleston Southern Buccaneers,other,1160.7,8,2026-09-09T01:24:10Z
cfb,VMI Keydets,other,1160.5,6,2026-09-09T01:24:10Z
cfb,Stonehill Skyhawks,other,1160.3,2,2026-09-26T23:17:25Z
cfb,East Texas A&M Lions,other,1159.8,5,2026-09-20T08:16:02Z
cfb,Jackson State Tigers,other,1159.4,4,2026-09-09T01:24:10Z
cfb,Abilene Christian Wildcats,other,1158.5,8,2026-09-09T01:24:10Z
cfb,UT Martin Skyhawks,other,1157.6,11,2026-09-20T08:16:02Z
cfb,Portland State Vikings,other,1156.5,12,2026-09-19T08:15:02Z
cfb,Wofford Terriers,other,1156.1,6,2026-09-12T23:19:32Z
cfb,Indiana State Sycamores,other,1155.7,7,2026-09-09T01:24:10Z
cfb,Sacred Heart Pioneers,other,1154.1,2,2026-09-12T23:19:32Z
cfb,Houston Christian Huskies,other,1154.0,8,2026-09-27T08:16:25Z
cfb,Central Connecticut Blue Devils,other,1153.9,7,2026-09-12T23:19:32Z
cfb,Western Illinois Leathernecks,other,1153.2,8,2026-09-13T08:10:32Z
cfb,New Hampshire Wildcats,other,1149.3,6,2026-09-09T01:24:10Z
cfb,Maine Black Bears,other,1147.4,10,2026-09-19T23:14:03Z
cfb,Robert Morris Colonials,other,1147.3,8,2026-09-26T23:17:25Z
cfb,Alcorn State Braves,other,1146.7,7,2026-09-09T01:24:10Z
cfb,Northwestern State Demons,other,1146.4,9,2026-09-09T01:24:10Z
cfb,Lafayette Leopards,other,1144.6,7,2026-09-09T01:24:10Z
cfb,Bethune-Cookman Wildcats,other,1144.2,10,2026-09-09T01:24:10Z
cfb,Mercyhurst Lakers,other,1141.7,3,2026-09-27T08:16:25Z
cfb,North Carolina A&T Aggies,other,1140.1,6,2026-09-09T01:24:10Z
cfb,Lindenwood Lions,other,1140.0,5,2026-09-26T23:17:25Z
cfb,Merrimack Warriors,other,1138.6,6,2026-09-09T01:24:10Z
cfb,Howard Bison,other,1137.7,9,2026-09-26T08:17:32Z
cfb,Stony Brook Seawolves,other,1137.7,6,2026-09-12T23:19:32Z
cfb,Texas Southern Tigers,other,1136.3,9,2026-09-13T08:10:32Z
cfb,Duquesne Dukes,other,1128.5,12,2026-09-19T23:14:03Z
cfb,Wagner Seahawks,other,1121.9,12,2026-09-19T23:14:03Z
cfb,Nicholls Colonels,other,1119.4,12,2026-09-20T08:16:02Z
cfb,Murray State Racers,other,1113.7,12,2026-09-20T08:16:02Z
mlb,Los Angeles Dodgers,major,1558.8,356,2026-09-15T05:45:20Z
mlb,Milwaukee Brewers,major,1546.7,336,2026-09-15T05:45:20Z
mlb,New York Yankees,major,1544.7,346,2026-09-15T05:45:20Z
mlb,Philadelphia Phillies,major,1542.7,332,2026-09-15T05:45:20Z
mlb,Toronto Blue Jays,major,1539.0,343,2026-09-15T05:45:20Z
mlb,Chicago Cubs,major,1534.9,331,2026-09-15T05:45:20Z
mlb,Boston Red Sox,major,1528.7,327,2026-09-15T05:45:20Z
mlb,San Diego Padres,major,1528.0,335,2026-09-15T05:45:20Z
mlb,Seattle Mariners,major,1523.5,337,2026-09-15T05:45:20Z
mlb,Cleveland Guardians,major,1509.7,337,2026-09-15T05:45:20Z
mlb,Texas Rangers,major,1508.9,324,2026-09-15T05:45:20Z
mlb,Kansas City Royals,major,1508.4,330,2026-09-15T05:45:20Z
mlb,Arizona Diamondbacks,major,1506.6,325,2026-09-15T05:45:20Z
mlb,New York Mets,major,1506.3,338,2026-09-15T05:45:20Z
mlb,Houston Astros,major,1505.0,325,2026-09-15T05:45:20Z
mlb,Cincinnati Reds,major,1503.1,327,2026-09-15T05:45:20Z
mlb,Atlanta Braves,major,1501.1,327,2026-09-15T05:45:20Z
mlb,Detroit Tigers,major,1500.3,340,2026-09-15T05:45:20Z
mlb,San Francisco Giants,major,1500.1,325,2026-09-15T05:45:20Z
mlb,Tampa Bay Rays,major,1493.0,324,2026-09-15T05:45:20Z
mlb,Athletics,major,1488.5,324,2026-09-15T05:45:20Z
mlb,Baltimore Orioles,major,1485.8,327,2026-09-15T05:45:20Z
mlb,Pittsburgh Pirates,major,1485.3,324,2026-09-15T05:45:20Z
mlb,Miami Marlins,major,1482.5,325,2026-09-15T05:45:20Z
mlb,St. Louis Cardinals,major,1479.4,325,2026-09-15T05:45:20Z
mlb,Minnesota Twins,major,1460.6,325,2026-09-15T05:45:20Z
mlb,Chicago White Sox,major,1454.6,325,2026-09-15T05:45:20Z
mlb,Los Angeles Angels,major,1447.9,325,2026-09-15T05:45:20Z
mlb,Washington Nationals,major,1439.9,324,2026-09-15T05:45:20Z
mlb,Colorado Rockies,major,1386.0,325,2026-09-15T05:45:20Z
nfl,Seattle Seahawks,major,1693.0,92,2026-09-27T23:16:25Z
nfl,Buffalo Bills,major,1668.6,98,2026-09-27T23:16:25Z
nfl,Minnesota Vikings,major,1616.6,90,2026-09-28T00:15:47Z
nfl,San Francisco 49ers,major,1615.1,99,2026-09-28T00:15:47Z
nfl,Denver Broncos,major,1603.0,90,2026-09-20T23:17:02Z
nfl,Los Angeles Rams,major,1599.4,97,2026-09-22T08:21:31Z
nfl,Jacksonville Jaguars,major,1597.9,91,2026-09-27T23:16:25Z
nfl,Philadelphia Eagles,major,1594.6,97,2026-09-20T23:17:02Z
nfl,New England Patriots,major,1575.8,93,2026-09-27T23:16:25Z
nfl,Kansas City Chiefs,major,1567.0,101,2026-09-27T23:16:25Z
nfl,Detroit Lions,major,1565.1,92,2026-09-27T23:16:25Z
nfl,Baltimore Ravens,major,1559.1,93,2026-09-28T00:15:47Z
nfl,Houston Texans,major,1544.0,94,2026-09-27T23:16:25Z
nfl,Chicago Bears,major,1530.8,89,2026-09-20T23:17:02Z
nfl,Pittsburgh Steelers,major,1521.4,92,2026-09-27T23:16:25Z
nfl,Cincinnati Bengals,major,1518.9,94,2026-09-27T23:16:25Z
nfl,Green Bay Packers,major,1477.8,93,2026-09-25T08:20:31Z
nfl,Atlanta Falcons,major,1444.7,88,2026-09-25T08:20:31Z
nfl,Dallas Cowboys,major,1444.5,92,2026-09-28T00:15:47Z
nfl,Los Angeles Chargers,major,1444.2,91,2026-09-27T23:16:25Z
nfl,Washington Commanders,major,1438.8,91,2026-09-27T23:16:25Z
nfl,Indianapolis Colts,major,1438.4,88,2026-09-27T23:16:25Z
nfl,Tampa Bay Buccaneers,major,1427.8,94,2026-09-28T00:15:47Z
nfl,Cleveland Browns,major,1424.2,89,2026-09-27T23:16:25Z
nfl,Las Vegas Raiders,major,1422.5,89,2026-09-28T00:15:47Z
nfl,New York Giants,major,1421.7,90,2026-09-27T23:16:25Z
nfl,New Orleans Saints,major,1420.2,88,2026-09-28T00:15:47Z
nfl,Carolina Panthers,major,1416.7,89,2026-09-27T23:16:25Z
nfl,Arizona Cardinals,major,1394.2,89,2026-09-28T00:15:47Z
nfl,Miami Dolphins,major,1385.1,90,2026-09-27T23:16:25Z
nfl,New York Jets,major,1349.1,88,2026-09-27T23:16:25Z
nfl,Tennessee Titans,major,1280.0,89,2026-09-27T23:16:25Z
